X;Y;fid;cng_(Meters);LABEL;MAP_LABEL
598365.447720477;6755438.09273383;0;30;G02_LH002;
598393.111722517;6755449.6988956;0;60;G02_LH003;
598420.775724556;6755461.30505738;0;90;G02_LH004;
598448.439726596;6755472.91121915;0;120;G02_LH005;
598476.103728636;6755484.51738093;0;150;G02_LH006;
598503.767730675;6755496.1235427;0;180;G02_LH007;
598531.431732715;6755507.72970448;0;210;G02_LH008;
598559.095734754;6755519.33586625;0;240;G02_LH009;
598614.423738834;6755542.54818981;0;300;G02_LH011;
598642.087740873;6755554.15435158;0;330;G02_LH012;
598669.751742913;6755565.76051336;0;360;G02_LH013;
598697.415744952;6755577.36667513;0;390;G02_LH014;
598725.079746992;6755588.97283691;0;420;G02_LH015;
598752.743749032;6755600.57899868;0;450;G02_LH016;
598780.407751071;6755612.18516046;0;480;G02_LH017;
598808.071753111;6755623.79132223;0;510;G02_LH018;
598834.408090952;6755633.39365323;0;540;G02_LH019;
598834.60289512;6755573.39396947;0;600;G02_LH021;
598834.700297204;6755543.39412759;0;630;G02_LH022;
598834.797699288;6755513.39428571;0;660;G02_LH023;
598834.895101372;6755483.39444383;0;690;G02_LH024;
598834.992503456;6755453.39460195;0;720;G02_LH025;
598835.08990554;6755423.39476007;0;750;G02_LH026;
598835.187307624;6755393.39491819;0;780;G02_LH027;
598835.284709708;6755363.39507631;0;810;G02_LH028;
598835.382111792;6755333.39523443;0;840;G02_LH029;
598835.57691596;6755273.39555066;0;900;G02_LH031;
598835.674318044;6755243.39570878;0;930;G02_LH032;
598835.771720128;6755213.3958669;0;960;G02_LH033;
598835.869122212;6755183.39602502;0;990;G02_LH034;
598835.966524297;6755153.39618314;0;1020;G02_LH035;
598836.063926381;6755123.39634126;0;1050;G02_LH036;
598836.161328464;6755093.39649938;0;1080;G02_LH037;
598836.258730548;6755063.3966575;0;1110;G02_LH038;
598836.356132632;6755033.39681562;0;1140;G02_LH039;
598836.550936801;6754973.39713186;0;1200;G02_LH041;
598836.648338885;6754943.39728998;0;1230;G02_LH042;
598836.745740969;6754913.3974481;0;1260;G02_LH043;
598836.843143053;6754883.39760622;0;1290;G02_LH044;
598836.940545137;6754853.39776434;0;1320;G02_LH045;
598837.037947221;6754823.39792246;0;1350;G02_LH046;
598837.135349305;6754793.39808058;0;1380;G02_LH047;
598837.232751389;6754763.3982387;0;1410;G02_LH048;
598856.143835789;6754767.74621958;0;1440;G02_LH049;
598906.808340162;6754799.88821698;0;1500;G02_LH051;
598932.140592348;6754815.95921568;0;1530;G02_LH052;
598957.472844534;6754832.03021438;0;1560;G02_LH053;
598982.80509672;6754848.10121308;0;1590;G02_LH054;
599008.137348906;6754864.17221178;0;1620;G02_LH055;
599033.469601092;6754880.24321047;0;1650;G02_LH056;
599058.801853279;6754896.31420917;0;1680;G02_LH057;
599084.134105465;6754912.38520787;0;1710;G02_LH058;
599109.466357651;6754928.45620657;0;1740;G02_LH059;
599160.130862023;6754960.59820397;0;1800;G02_LH061;
599185.46311421;6754976.66920267;0;1830;G02_LH062;
599210.795366396;6754992.74020136;0;1860;G02_LH063;
599236.127618582;6755008.81120006;0;1890;G02_LH064;
599261.459870768;6755024.88219876;0;1920;G02_LH065;
599286.792122954;6755040.95319746;0;1950;G02_LH066;
599312.124375141;6755057.02419616;0;1980;G02_LH067;
599337.456627327;6755073.09519486;0;2010;G02_LH068;
599362.788879513;6755089.16619356;0;2040;G02_LH069;
599317.259962934;6755109.69719821;0;2100;G02_LH071;
599288.831298026;6755119.27900449;0;2130;G02_LH072;
599260.402633119;6755128.86081077;0;2160;G02_LH073;
599231.973968211;6755138.44261705;0;2190;G02_LH074;
599203.545303303;6755148.02442333;0;2220;G02_LH075;
599175.116638395;6755157.6062296;0;2250;G02_LH076;
599146.687973487;6755167.18803588;0;2280;G02_LH077;
599118.259308579;6755176.76984216;0;2310;G02_LH078;
599089.830643671;6755186.35164844;0;2340;G02_LH079;
599032.973313855;6755205.515261;0;2400;G02_LH081;
599004.544648947;6755215.09706727;0;2430;G02_LH082;
598976.115984039;6755224.67887355;0;2460;G02_LH083;
598947.687319131;6755234.26067983;0;2490;G02_LH084;
598919.258654223;6755243.84248611;0;2520;G02_LH085;
598890.829989315;6755253.42429239;0;2550;G02_LH086;
598862.401324407;6755263.00609866;0;2580;G02_LH087;
598833.9726595;6755272.58790494;0;2610;G02_LH088;
598805.543994592;6755282.16971122;0;2640;G02_LH089;
598748.686664776;6755301.33332378;0;2700;G02_LH091;
598720.257999868;6755310.91513006;0;2730;G02_LH092;
598691.82933496;6755320.49693633;0;2760;G02_LH093;
598663.400670052;6755330.07874261;0;2790;G02_LH094;
598634.972005144;6755339.66054889;0;2820;G02_LH095;
598606.543340236;6755349.24235517;0;2850;G02_LH096;
598578.114675328;6755358.82416145;0;2880;G02_LH097;
598549.68601042;6755368.40596772;0;2910;G02_LH098;
598521.257345512;6755377.987774;0;2940;G02_LH099;
598464.400015696;6755397.15138656;0;3000;G02_LH101;
598435.971350788;6755406.73319284;0;3030;G02_LH102;
598407.54268588;6755416.31499912;0;3060;G02_LH103;
598379.114020973;6755425.89680539;0;3090;G02_LH104;
598350.685356065;6755435.47861167;0;3120;G02_LH105;
598337.783718438;6755426.48657205;0;0;G02_LH001;G02_LH001
598586.759736794;6755530.94202803;0;270;G02_LH010;G02_LH010
598834.505493036;6755603.39381135;0;570;G02_LH020;G02_LH020
598835.479513876;6755303.39539255;0;870;G02_LH030;G02_LH030
598836.453534717;6755003.39697374;0;1170;G02_LH040;G02_LH040
598881.476087975;6754783.81721828;0;1470;G02_LH050;G02_LH050
599134.798609837;6754944.52720527;0;1770;G02_LH060;G02_LH060
599345.688627842;6755100.11539194;0;2070;G02_LH070;G02_LH070
599061.401978763;6755195.93345472;0;2370;G02_LH080;G02_LH080
598777.115329684;6755291.7515175;0;2670;G02_LH090;G02_LH090
598492.828680604;6755387.56958028;0;2970;G02_LH100;G02_LH100
598858.842337544;6755492.82395295;1;30;G02_LC002;
598829.052689319;6755496.37033964;1;60;G02_LC003;
598799.263041093;6755499.91672634;1;90;G02_LC004;
598769.473392867;6755503.46311303;1;120;G02_LC005;
598740.556048454;6755495.67785947;1;150;G02_LC006;
598711.660159414;6755487.61389044;1;180;G02_LC007;
598682.764270374;6755479.5499214;1;210;G02_LC008;
598653.868381334;6755471.48595237;1;240;G02_LC009;
598604.992361226;6755437.58738844;1;300;G02_LC011;
598582.592857003;6755418.35367717;1;330;G02_LC012;
598574.862977486;6755389.36662898;1;360;G02_LC013;
598567.13309797;6755360.37958079;1;390;G02_LC014;
598561.151910168;6755331.33314027;1;420;G02_LC015;
598566.897220951;6755301.88842251;1;450;G02_LC016;
598572.642531733;6755272.44370475;1;480;G02_LC017;
598578.387842516;6755242.99898699;1;510;G02_LC018;
598585.51596153;6755214.06083104;1;540;G02_LC019;
598614.78524299;6755161.68422212;1;600;G02_LC021;
598629.41988372;6755135.49591765;1;630;G02_LC022;
598646.846355054;6755111.3807223;1;660;G02_LC023;
598667.684190465;6755089.79867849;1;690;G02_LC024;
598688.522025876;6755068.21663467;1;720;G02_LC025;
598709.359861288;6755046.63459085;1;750;G02_LC026;
598734.217788297;6755030.77780067;1;780;G02_LC027;
598761.593068032;6755018.50612355;1;810;G02_LC028;
598788.968347768;6755006.23444643;1;840;G02_LC029;
598846.654986409;6754990.40605598;1;900;G02_LC031;
598875.87522722;6754983.61065114;1;930;G02_LC032;
598905.095468032;6754976.8152463;1;960;G02_LC033;
598934.13231479;6754976.03020322;1;990;G02_LC034;
598962.883885298;6754984.59450082;1;1020;G02_LC035;
598991.635455806;6754993.15879842;1;1050;G02_LC036;
599020.387026313;6755001.72309601;1;1080;G02_LC037;
599049.138596821;6755010.28739361;1;1110;G02_LC038;
599067.722126784;6755031.59812539;1;1140;G02_LC039;
599097.201398;6755083.85683346;1;1200;G02_LC041;
599111.941033608;6755109.98618749;1;1230;G02_LC042;
599117.987826889;6755137.79767382;1;1260;G02_LC043;
599114.059675812;6755167.53938912;1;1290;G02_LC044;
599110.131524734;6755197.28110443;1;1320;G02_LC045;
599106.203373657;6755227.02281973;1;1350;G02_LC046;
599102.275222579;6755256.76453503;1;1380;G02_LC047;
599092.041707528;6755283.5166987;1;1410;G02_LC048;
599071.501443678;6755305.38214086;1;1440;G02_LC049;
599030.420915978;6755349.11302519;1;1500;G02_LC051;
599009.814733981;6755370.91383814;1;1530;G02_LC052;
598988.359117909;6755391.88182658;1;1560;G02_LC053;
598966.903501837;6755412.84981501;1;1590;G02_LC054;
598945.447885765;6755433.81780345;1;1620;G02_LC055;
598923.992269693;6755454.78579188;1;1650;G02_LC056;
598902.536653621;6755475.75378031;1;1680;G02_LC057;
598888.63198577;6755489.27756626;1;0;G02_LC001;G02_LC001
598628.730911267;6755455.93081347;1;270;G02_LC010;G02_LC010
598600.15060226;6755187.87252658;1;570;G02_LC020;G02_LC020
598817.434745598;6754997.20146082;1;870;G02_LC030;G02_LC030
599082.461762392;6755057.72747943;1;1170;G02_LC040;G02_LC040
599050.961179828;6755327.24758302;1;1470;G02_LC050;G02_LC050
599499.981430853;6754308.10662075;2;30;G02_UH002;
599511.73068654;6754335.71015296;2;60;G02_UH003;
599523.479942226;6754363.31368518;2;90;G02_UH004;
599535.229197913;6754390.9172174;2;120;G02_UH005;
599546.9784536;6754418.52074961;2;150;G02_UH006;
599558.727709286;6754446.12428183;2;180;G02_UH007;
599570.476964973;6754473.72781404;2;210;G02_UH008;
599582.22622066;6754501.33134626;2;240;G02_UH009;
599605.724732033;6754556.53841069;2;300;G02_UH011;
599617.47398772;6754584.14194291;2;330;G02_UH012;
599629.223243406;6754611.74547513;2;360;G02_UH013;
599640.972499093;6754639.34900734;2;390;G02_UH014;
599652.72175478;6754666.95253956;2;420;G02_UH015;
599664.471010466;6754694.55607177;2;450;G02_UH016;
599676.220266153;6754722.15960399;2;480;G02_UH017;
599687.96952184;6754749.76313621;2;510;G02_UH018;
599699.718777526;6754777.36666842;2;540;G02_UH019;
599729.094300023;6754780.35654181;2;600;G02_UH021;
599746.685410258;6754756.05524883;2;630;G02_UH022;
599764.276520494;6754731.75395585;2;660;G02_UH023;
599781.86763073;6754707.45266286;2;690;G02_UH024;
599799.458740966;6754683.15136988;2;720;G02_UH025;
599817.049851202;6754658.85007689;2;750;G02_UH026;
599834.640961438;6754634.54878391;2;780;G02_UH027;
599852.232071674;6754610.24749093;2;810;G02_UH028;
599869.82318191;6754585.94619794;2;840;G02_UH029;
599905.005402382;6754537.34361198;2;900;G02_UH031;
599922.596512617;6754513.04231899;2;930;G02_UH032;
599940.187622853;6754488.74102601;2;960;G02_UH033;
599957.778733089;6754464.43973303;2;990;G02_UH034;
599975.369843325;6754440.13844004;2;1020;G02_UH035;
599992.960953561;6754415.83714706;2;1050;G02_UH036;
600010.552063797;6754391.53585408;2;1080;G02_UH037;
600028.143174033;6754367.23456109;2;1110;G02_UH038;
600045.734284269;6754342.93326811;2;1140;G02_UH039;
600080.91650474;6754294.33068214;2;1200;G02_UH041;
600098.507614976;6754270.02938916;2;1230;G02_UH042;
600116.098725212;6754245.72809618;2;1260;G02_UH043;
600133.689835448;6754221.42680319;2;1290;G02_UH044;
600151.280945684;6754197.12551021;2;1320;G02_UH045;
600168.87205592;6754172.82421723;2;1350;G02_UH046;
600186.463166156;6754148.52292424;2;1380;G02_UH047;
600204.054276392;6754124.22163126;2;1410;G02_UH048;
600221.645386627;6754099.92033827;2;1440;G02_UH049;
600256.827607099;6754051.31775231;2;1500;G02_UH051;
600274.418717335;6754027.01645932;2;1530;G02_UH052;
600292.009827571;6754002.71516634;2;1560;G02_UH053;
600309.600937807;6753978.41387336;2;1590;G02_UH054;
600327.192048043;6753954.11258037;2;1620;G02_UH055;
600344.783158279;6753929.81128739;2;1650;G02_UH056;
600362.374268514;6753905.50999441;2;1680;G02_UH057;
600379.96537875;6753881.20870142;2;1710;G02_UH058;
600397.556488986;6753856.90740844;2;1740;G02_UH059;
600432.738709458;6753808.30482247;2;1800;G02_UH061;
600444.263694707;6753833.58595978;2;1830;G02_UH062;
600455.477404433;6753861.4113567;2;1860;G02_UH063;
600466.691114159;6753889.23675363;2;1890;G02_UH064;
600477.904823886;6753917.06215056;2;1920;G02_UH065;
600489.118533612;6753944.88754749;2;1950;G02_UH066;
600500.332243339;6753972.71294441;2;1980;G02_UH067;
600511.545953065;6754000.53834134;2;2010;G02_UH068;
600522.759662792;6754028.36373827;2;2040;G02_UH069;
600545.187082244;6754084.01453212;2;2100;G02_UH071;
600556.400791971;6754111.83992905;2;2130;G02_UH072;
600567.614501697;6754139.66532598;2;2160;G02_UH073;
600578.828211424;6754167.49072291;2;2190;G02_UH074;
600590.04192115;6754195.31611983;2;2220;G02_UH075;
600601.255630877;6754223.14151676;2;2250;G02_UH076;
600612.469340603;6754250.96691369;2;2280;G02_UH077;
600623.683050329;6754278.79231062;2;2310;G02_UH078;
600634.896760056;6754306.61770754;2;2340;G02_UH079;
600657.324179509;6754362.2685014;2;2400;G02_UH081;
600668.537889235;6754390.09389833;2;2430;G02_UH082;
600679.751598961;6754417.91929525;2;2460;G02_UH083;
600690.965308688;6754445.74469218;2;2490;G02_UH084;
600702.179018414;6754473.57008911;2;2520;G02_UH085;
600697.45976172;6754488.53367688;2;2550;G02_UH086;
600667.895178131;6754483.44099613;2;2580;G02_UH087;
600638.330594542;6754478.34831539;2;2610;G02_UH088;
600608.766010952;6754473.25563464;2;2640;G02_UH089;
600549.636843774;6754463.07027314;2;2700;G02_UH091;
600520.072260185;6754457.9775924;2;2730;G02_UH092;
600490.507676596;6754452.88491165;2;2760;G02_UH093;
600460.943093006;6754447.7922309;2;2790;G02_UH094;
600431.378509417;6754442.69955015;2;2820;G02_UH095;
600401.813925828;6754437.60686941;2;2850;G02_UH096;
600372.249342239;6754432.51418866;2;2880;G02_UH097;
600342.68475865;6754427.42150791;2;2910;G02_UH098;
600313.12017506;6754422.32882716;2;2940;G02_UH099;
600253.991007882;6754412.14346567;2;3000;G02_UH101;
600224.426424293;6754407.05078492;2;3030;G02_UH102;
600194.861840704;6754401.95810417;2;3060;G02_UH103;
600165.297257114;6754396.86542342;2;3090;G02_UH104;
600135.732673525;6754391.77274268;2;3120;G02_UH105;
600106.168089936;6754386.68006193;2;3150;G02_UH106;
600076.603506347;6754381.58738118;2;3180;G02_UH107;
600047.038922758;6754376.49470043;2;3210;G02_UH108;
600017.474339168;6754371.40201969;2;3240;G02_UH109;
599958.34517199;6754361.21665819;2;3300;G02_UH111;
599928.780588401;6754356.12397744;2;3330;G02_UH112;
599899.216004812;6754351.0312967;2;3360;G02_UH113;
599869.651421222;6754345.93861595;2;3390;G02_UH114;
599840.086837633;6754340.8459352;2;3420;G02_UH115;
599810.522254044;6754335.75325445;2;3450;G02_UH116;
599780.957670455;6754330.66057371;2;3480;G02_UH117;
599751.393086866;6754325.56789296;2;3510;G02_UH118;
599721.828503276;6754320.47521221;2;3540;G02_UH119;
599662.699336098;6754310.28985071;2;3600;G02_UH121;
599633.134752509;6754305.19716997;2;3630;G02_UH122;
599603.57016892;6754300.10448922;2;3660;G02_UH123;
599574.005585331;6754295.01180847;2;3690;G02_UH124;
599544.441001741;6754289.91912772;2;3720;G02_UH125;
599514.876418152;6754284.82644698;2;3750;G02_UH126;
599488.232175166;6754280.50308853;2;0;G02_UH001;G02_UH001
599593.975476346;6754528.93487848;2;270;G02_UH010;G02_UH010
599711.503189787;6754804.6578348;2;570;G02_UH020;G02_UH020
599887.414292146;6754561.64490496;2;870;G02_UH030;G02_UH030
600063.325394505;6754318.63197513;2;1170;G02_UH040;G02_UH040
600239.236496863;6754075.61904529;2;1470;G02_UH050;G02_UH050
600415.147599222;6753832.60611546;2;1770;G02_UH060;G02_UH060
600533.973372518;6754056.1891352;2;2070;G02_UH070;G02_UH070
600646.110469782;6754334.44310447;2;2370;G02_UH080;G02_UH080
600579.201427363;6754468.16295389;2;2670;G02_UH090;G02_UH090
600283.555591471;6754417.23614641;2;2970;G02_UH100;G02_UH100
599987.909755579;6754366.30933894;2;3270;G02_UH110;G02_UH110
599692.263919687;6754315.38253146;2;3570;G02_UH120;G02_UH120
600152.803195789;6754618.64597232;3;30;G02_UC002;
600124.215422389;6754627.74208204;3;60;G02_UC003;
600095.627648989;6754636.83819176;3;90;G02_UC004;
600067.039875588;6754645.93430148;3;120;G02_UC005;
600037.735331187;6754647.24856181;3;150;G02_UC006;
600007.966994886;6754643.52751977;3;180;G02_UC007;
599978.198658584;6754639.80647773;3;210;G02_UC008;
599948.430322283;6754636.0854357;3;240;G02_UC009;
599890.385994104;6754621.14126327;3;300;G02_UC011;
599861.45983232;6754613.18656878;3;330;G02_UC012;
599832.533670536;6754605.23187429;3;360;G02_UC013;
599808.741620926;6754587.660092;3;390;G02_UC014;
599786.036930693;6754568.05149589;3;420;G02_UC015;
599764.014514478;6754547.95396376;3;450;G02_UC016;
599752.743361216;6754520.15178571;3;480;G02_UC017;
599741.472207954;6754492.34960766;3;510;G02_UC018;
599730.201054692;6754464.54742962;3;540;G02_UC019;
599729.988016567;6754407.05093105;3;600;G02_UC021;
599736.420235412;6754377.74860076;3;630;G02_UC022;
599742.852454258;6754348.44627046;3;660;G02_UC023;
599749.913733993;6754319.30897873;3;690;G02_UC024;
599758.695162156;6754290.62298006;3;720;G02_UC025;
599767.476590319;6754261.9369814;3;750;G02_UC026;
599776.258018481;6754233.25098273;3;780;G02_UC027;
599785.039446644;6754204.56498407;3;810;G02_UC028;
599801.418698495;6754183.05610292;3;840;G02_UC029;
599857.698368425;6754162.25709447;3;900;G02_UC031;
599885.83820339;6754151.85759024;3;930;G02_UC032;
599913.978038355;6754141.45808602;3;960;G02_UC033;
599940.46985372;6754127.57953042;3;990;G02_UC034;
599966.342327234;6754112.39351335;3;1020;G02_UC035;
599992.214800749;6754097.20749629;3;1050;G02_UC036;
600018.087274264;6754082.02147923;3;1080;G02_UC037;
600043.959747778;6754066.83546217;3;1110;G02_UC038;
600072.185418985;6754057.92732113;3;1140;G02_UC039;
600131.14511821;6754046.80284958;3;1200;G02_UC041;
600160.624967823;6754041.2406138;3;1230;G02_UC042;
600190.104817435;6754035.67837802;3;1260;G02_UC043;
600219.7185715;6754035.08030551;3;1290;G02_UC044;
600249.45540852;6754039.04521711;3;1320;G02_UC045;
600279.192245541;6754043.01012871;3;1350;G02_UC046;
600308.929082561;6754046.97504032;3;1380;G02_UC047;
600337.701480574;6754053.50005236;3;1410;G02_UC048;
600362.662989404;6754070.14105824;3;1440;G02_UC049;
600412.586007064;6754103.42307002;3;1500;G02_UC051;
600437.547515894;6754120.0640759;3;1530;G02_UC052;
600457.084251624;6754141.14648302;3;1560;G02_UC053;
600468.470942312;6754168.90154157;3;1590;G02_UC054;
600479.857632999;6754196.65660012;3;1620;G02_UC055;
600491.244323687;6754224.41165867;3;1650;G02_UC056;
600500.24341415;6754252.86008104;3;1680;G02_UC057;
600505.494414191;6754282.39695628;3;1710;G02_UC058;
600510.745414233;6754311.93383151;3;1740;G02_UC059;
600520.736289859;6754370.9899312;3;1800;G02_UC061;
600513.460221108;6754400.0942062;3;1830;G02_UC062;
600506.184152357;6754429.1984812;3;1860;G02_UC063;
600498.908083606;6754458.30275621;3;1890;G02_UC064;
600481.703577665;6754479.50625972;3;1920;G02_UC065;
600454.976393257;6754493.13188315;3;1950;G02_UC066;
600428.24920885;6754506.75750657;3;1980;G02_UC067;
600401.522024443;6754520.38312999;3;2010;G02_UC068;
600374.794840036;6754534.00875342;3;2040;G02_UC069;
600319.825920876;6754557.79642354;3;2100;G02_UC071;
600291.675627372;6754568.1675843;3;2130;G02_UC072;
600263.525333867;6754578.53874507;3;2160;G02_UC073;
600235.375040363;6754588.90990583;3;2190;G02_UC074;
600207.224746858;6754599.2810666;3;2220;G02_UC075;
600181.39096919;6754609.54986261;3;0;G02_UC001;G02_UC001
599919.312155889;6754629.09595776;3;270;G02_UC010;G02_UC010
599723.555797722;6754436.35326135;3;570;G02_UC020;G02_UC020
599829.55853346;6754172.6565987;3;870;G02_UC030;G02_UC030
600101.665268598;6754052.36508535;3;1170;G02_UC040;G02_UC040
600387.624498234;6754086.78206413;3;1470;G02_UC050;G02_UC050
600515.996414275;6754341.47070674;3;1770;G02_UC060;G02_UC060
600347.976214381;6754547.42526277;3;2070;G02_UC070;G02_UC070
603363.799808429;6763878.53287154;4;30;G13_LH002;
603385.680634258;6763899.05674693;4;60;G13_LH003;
603407.561460088;6763919.58062232;4;90;G13_LH004;
603429.442285917;6763940.10449771;4;120;G13_LH005;
603451.323111746;6763960.6283731;4;150;G13_LH006;
603473.203937575;6763981.15224849;4;180;G13_LH007;
603495.084763404;6764001.67612388;4;210;G13_LH008;
603516.965589234;6764022.19999928;4;240;G13_LH009;
603560.727240892;6764063.24775006;4;300;G13_LH011;
603582.608066721;6764083.77162545;4;330;G13_LH012;
603604.48889255;6764104.29550084;4;360;G13_LH013;
603626.36971838;6764124.81937623;4;390;G13_LH014;
603648.250544209;6764145.34325162;4;420;G13_LH015;
603670.131370038;6764165.86712701;4;450;G13_LH016;
603692.012195867;6764186.3910024;4;480;G13_LH017;
603713.893021696;6764206.91487779;4;510;G13_LH018;
603735.773847526;6764227.43875318;4;540;G13_LH019;
603779.535499184;6764268.48650396;4;600;G13_LH021;
603801.416325013;6764289.01037935;4;630;G13_LH022;
603823.297150843;6764309.53425474;4;660;G13_LH023;
603845.177976672;6764330.05813013;4;690;G13_LH024;
603867.058802501;6764350.58200552;4;720;G13_LH025;
603888.93962833;6764371.10588091;4;750;G13_LH026;
603910.820454159;6764391.6297563;4;780;G13_LH027;
603932.701279989;6764412.15363169;4;810;G13_LH028;
603954.582105818;6764432.67750708;4;840;G13_LH029;
603998.343757476;6764473.72525786;4;900;G13_LH031;
604020.224583306;6764494.24913325;4;930;G13_LH032;
604042.105409135;6764514.77300864;4;960;G13_LH033;
604063.986234964;6764535.29688403;4;990;G13_LH034;
604067.955190339;6764549.85327444;4;1020;G13_LH035;
604038.137243818;6764553.15328433;4;1050;G13_LH036;
604008.319297298;6764556.45329422;4;1080;G13_LH037;
603978.501350777;6764559.75330411;4;1110;G13_LH038;
603948.683404256;6764563.053314;4;1140;G13_LH039;
603889.047511215;6764569.65333379;4;1200;G13_LH041;
603859.229564694;6764572.95334368;4;1230;G13_LH042;
603829.411618173;6764576.25335357;4;1260;G13_LH043;
603799.593671652;6764579.55336346;4;1290;G13_LH044;
603769.775725131;6764582.85337335;4;1320;G13_LH045;
603739.957778611;6764586.15338325;4;1350;G13_LH046;
603710.13983209;6764589.45339314;4;1380;G13_LH047;
603680.321885569;6764592.75340303;4;1410;G13_LH048;
603650.503939048;6764596.05341292;4;1440;G13_LH049;
603590.868046007;6764602.6534327;4;1500;G13_LH051;
603561.050099486;6764605.9534426;4;1530;G13_LH052;
603531.232152965;6764609.25345249;4;1560;G13_LH053;
603501.414206445;6764612.55346238;4;1590;G13_LH054;
603471.596259924;6764615.85347227;4;1620;G13_LH055;
603441.778313403;6764619.15348216;4;1650;G13_LH056;
603411.960366882;6764622.45349205;4;1680;G13_LH057;
603382.142420362;6764625.75350195;4;1710;G13_LH058;
603352.324473841;6764629.05351184;4;1740;G13_LH059;
603292.688580799;6764635.65353162;4;1800;G13_LH061;
603262.870634278;6764638.95354151;4;1830;G13_LH062;
603233.052687758;6764642.2535514;4;1860;G13_LH063;
603203.234741237;6764645.5535613;4;1890;G13_LH064;
603173.416794716;6764648.85357119;4;1920;G13_LH065;
603143.598848195;6764652.15358108;4;1950;G13_LH066;
603113.780901675;6764655.45359097;4;1980;G13_LH067;
603083.962955154;6764658.75360086;4;2010;G13_LH068;
603054.145008633;6764662.05361075;4;2040;G13_LH069;
602994.509115592;6764668.65363054;4;2100;G13_LH071;
602964.691169071;6764671.95364043;4;2130;G13_LH072;
602934.87322255;6764675.25365032;4;2160;G13_LH073;
602905.055276029;6764678.55366021;4;2190;G13_LH074;
602875.237329508;6764681.8536701;4;2220;G13_LH075;
602845.419382988;6764685.15368;4;2250;G13_LH076;
602815.601436467;6764688.45368989;4;2280;G13_LH077;
602785.783489946;6764691.75369978;4;2310;G13_LH078;
602755.965543425;6764695.05370967;4;2340;G13_LH079;
602696.329650384;6764701.65372945;4;2400;G13_LH081;
602666.511703863;6764704.95373935;4;2430;G13_LH082;
602636.693757342;6764708.25374924;4;2460;G13_LH083;
602655.260245643;6764725.91448335;4;2490;G13_LH084;
602678.449695793;6764744.94733395;4;2520;G13_LH085;
602701.639145943;6764763.98018454;4;2550;G13_LH086;
602724.828596092;6764783.01303514;4;2580;G13_LH087;
602748.018046242;6764802.04588573;4;2610;G13_LH088;
602771.207496392;6764821.07873633;4;2640;G13_LH089;
602817.586396691;6764859.14443752;4;2700;G13_LH091;
602840.775846841;6764878.17728811;4;2730;G13_LH092;
602863.96529699;6764897.21013871;4;2760;G13_LH093;
602887.15474714;6764916.2429893;4;2790;G13_LH094;
602910.34419729;6764935.2758399;4;2820;G13_LH095;
602933.53364744;6764954.30869049;4;2850;G13_LH096;
602956.723097589;6764973.34154108;4;2880;G13_LH097;
602979.912547739;6764992.37439168;4;2910;G13_LH098;
603003.101997888;6765011.40724227;4;2940;G13_LH099;
603072.670348338;6765068.50579406;4;3030;G13_LH102;
603095.859798487;6765087.53864465;4;3060;G13_LH103;
603119.049248637;6765106.57149525;4;3090;G13_LH104;
603142.238698787;6765125.60434584;4;3120;G13_LH105;
603165.428148936;6765144.63719644;4;3150;G13_LH106;
603188.617599086;6765163.67004703;4;3180;G13_LH107;
603211.807049236;6765182.70289762;4;3210;G13_LH108;
603234.996499385;6765201.73574822;4;3240;G13_LH109;
603243.448641676;6765150.72846112;4;3300;G13_LH111;
603245.799469317;6765120.82070946;4;3330;G13_LH112;
603248.150296959;6765090.9129578;4;3360;G13_LH113;
603250.5011246;6765061.00520614;4;3390;G13_LH114;
603252.851952242;6765031.09745448;4;3420;G13_LH115;
603255.202779883;6765001.18970282;4;3450;G13_LH116;
603257.553607525;6764971.28195116;4;3480;G13_LH117;
603259.904435166;6764941.3741995;4;3510;G13_LH118;
603262.255262808;6764911.46644784;4;3540;G13_LH119;
603266.95691809;6764851.65094452;4;3600;G13_LH121;
603269.307745732;6764821.74319286;4;3630;G13_LH122;
603271.658573373;6764791.83544119;4;3660;G13_LH123;
603274.009401015;6764761.92768953;4;3690;G13_LH124;
603276.360228656;6764732.01993787;4;3720;G13_LH125;
603278.711056298;6764702.11218621;4;3750;G13_LH126;
603281.061883939;6764672.20443455;4;3780;G13_LH127;
603283.412711581;6764642.29668289;4;3810;G13_LH128;
603285.763539222;6764612.38893123;4;3840;G13_LH129;
603290.465194505;6764552.57342791;4;3900;G13_LH131;
603292.816022146;6764522.66567625;4;3930;G13_LH132;
603295.166849788;6764492.75792459;4;3960;G13_LH133;
603297.517677429;6764462.85017293;4;3990;G13_LH134;
603299.868505071;6764432.94242127;4;4020;G13_LH135;
603302.219332712;6764403.03466961;4;4050;G13_LH136;
603304.570160354;6764373.12691794;4;4080;G13_LH137;
603306.920987995;6764343.21916628;4;4110;G13_LH138;
603309.271815637;6764313.31141462;4;4140;G13_LH139;
603313.973470919;6764253.4959113;4;4200;G13_LH141;
603316.324298561;6764223.58815964;4;4230;G13_LH142;
603318.675126202;6764193.68040798;4;4260;G13_LH143;
603321.025953844;6764163.77265632;4;4290;G13_LH144;
603323.376781485;6764133.86490466;4;4320;G13_LH145;
603325.727609127;6764103.957153;4;4350;G13_LH146;
603328.078436768;6764074.04940134;4;4380;G13_LH147;
603330.42926441;6764044.14164968;4;4410;G13_LH148;
603332.780092051;6764014.23389802;4;4440;G13_LH149;
603337.481747334;6763954.41839469;4;4500;G13_LH151;
603339.832574975;6763924.51064303;4;4530;G13_LH152;
603341.9189826;6763858.00899615;4;0;G13_LH001;G13_LH001
603538.846415063;6764042.72387467;4;270;G13_LH010;G13_LH010
603757.654673355;6764247.96262857;4;570;G13_LH020;G13_LH020
603976.462931647;6764453.20138247;4;870;G13_LH030;G13_LH030
603918.865457735;6764566.3533239;4;1170;G13_LH040;G13_LH040
603620.685992528;6764599.35342281;4;1470;G13_LH050;G13_LH050
603322.50652732;6764632.35352173;4;1770;G13_LH060;G13_LH060
603024.327062112;6764665.35362065;4;2070;G13_LH070;G13_LH070
602726.147596905;6764698.35371956;4;2370;G13_LH080;G13_LH080
602794.396946541;6764840.11158692;4;2670;G13_LH090;G13_LH090
603026.291448038;6765030.44009287;4;2970;G13_LH100;G13_LH100
603049.480898188;6765049.47294346;4;3000;G13_LH101;G13_LH101
603241.097814034;6765180.63621278;4;3270;G13_LH110;G13_LH110
603264.606090449;6764881.55869618;4;3570;G13_LH120;G13_LH120
603288.114366863;6764582.48117957;4;3870;G13_LH130;G13_LH130
603311.622643278;6764283.40366296;4;4170;G13_LH140;G13_LH140
603335.130919693;6763984.32614636;4;4470;G13_LH150;G13_LH150
603402.433977259;6764867.66584075;5;30;G13_LC002;
603377.32488884;6764884.08332164;5;60;G13_LC003;
603352.21580042;6764900.50080253;5;90;G13_LC004;
603327.106712001;6764916.91828342;5;120;G13_LC005;
603301.997623582;6764933.3357643;5;150;G13_LC006;
603276.466522904;6764948.01366334;5;180;G13_LC007;
603246.62576909;6764944.9266888;5;210;G13_LC008;
603216.785015275;6764941.83971427;5;240;G13_LC009;
603157.103507645;6764935.66576521;5;300;G13_LC011;
603127.26275383;6764932.57879067;5;330;G13_LC012;
603102.095936691;6764919.67201303;5;360;G13_LC013;
603080.882733255;6764898.45880959;5;390;G13_LC014;
603059.66952982;6764877.24560616;5;420;G13_LC015;
603038.456326384;6764856.03240272;5;450;G13_LC016;
603017.243122948;6764834.81919929;5;480;G13_LC017;
602996.029919513;6764813.60599585;5;510;G13_LC018;
602980.328937643;6764788.58273827;5;540;G13_LC019;
602955.633734298;6764733.90050229;5;600;G13_LC021;
602943.286132625;6764706.5593843;5;630;G13_LC022;
602930.938530952;6764679.21826631;5;660;G13_LC023;
602918.590929279;6764651.87714832;5;690;G13_LC024;
602909.73504883;6764624.45059953;5;720;G13_LC025;
602920.730784381;6764596.53834774;5;750;G13_LC026;
602931.726519933;6764568.62609596;5;780;G13_LC027;
602942.722255484;6764540.71384418;5;810;G13_LC028;
602953.717991036;6764512.80159239;5;840;G13_LC029;
602975.709462138;6764456.97708882;5;900;G13_LC031;
602991.027229871;6764431.98280679;5;930;G13_LC032;
603012.805810389;6764411.35046735;5;960;G13_LC033;
603034.584390906;6764390.71812792;5;990;G13_LC034;
603056.362971423;6764370.08578848;5;1020;G13_LC035;
603078.14155194;6764349.45344904;5;1050;G13_LC036;
603102.446888767;6764332.74050157;5;1080;G13_LC037;
603130.22965956;6764321.42159495;5;1110;G13_LC038;
603158.012430353;6764310.10268833;5;1140;G13_LC039;
603213.577971939;6764287.46487509;5;1200;G13_LC041;
603241.360742732;6764276.14596847;5;1230;G13_LC042;
603270.958179118;6764277.23672107;5;1260;G13_LC043;
603300.818679524;6764280.12644691;5;1290;G13_LC044;
603330.679179931;6764283.01617276;5;1320;G13_LC045;
603360.539680337;6764285.90589861;5;1350;G13_LC046;
603390.400180744;6764288.79562445;5;1380;G13_LC047;
603420.260681151;6764291.6853503;5;1410;G13_LC048;
603446.783298556;6764305.44595925;5;1440;G13_LC049;
603499.457032931;6764334.17708709;5;1500;G13_LC051;
603525.793900119;6764348.54265101;5;1530;G13_LC052;
603550.350044641;6764364.83461961;5;1560;G13_LC053;
603566.738078057;6764389.96293752;5;1590;G13_LC054;
603583.126111474;6764415.09125542;5;1620;G13_LC055;
603599.51414489;6764440.21957333;5;1650;G13_LC056;
603615.902178307;6764465.34789123;5;1680;G13_LC057;
603632.290211723;6764490.47620914;5;1710;G13_LC058;
603633.040865065;6764520.2530619;5;1740;G13_LC059;
603633.040865065;6764580.2530619;5;1800;G13_LC061;
603633.040865065;6764610.2530619;5;1830;G13_LC062;
603629.850181527;6764639.31945909;5;1860;G13_LC063;
603613.678570635;6764664.58760111;5;1890;G13_LC064;
603597.506959742;6764689.85574313;5;1920;G13_LC065;
603581.335348849;6764715.12388515;5;1950;G13_LC066;
603565.163737956;6764740.39202717;5;1980;G13_LC067;
603548.992127064;6764765.66016919;5;2010;G13_LC068;
603527.989546812;6764786.1867965;5;2040;G13_LC069;
603478.066529152;6764819.46880828;5;2100;G13_LC071;
603453.105020321;6764836.10981416;5;2130;G13_LC072;
603427.543065678;6764851.24835986;5;0;G13_LC001;G13_LC001
603186.94426146;6764938.75273974;5;270;G13_LC010;G13_LC010
602967.981335971;6764761.24162028;5;570;G13_LC020;G13_LC020
602964.713726587;6764484.88934061;5;870;G13_LC030;G13_LC030
603185.795201146;6764298.78378171;5;1170;G13_LC040;G13_LC040
603473.120165744;6764319.81152317;5;1470;G13_LC050;G13_LC050
603633.040865065;6764550.2530619;5;1770;G13_LC060;G13_LC060
603503.028037982;6764802.82780239;5;2070;G13_LC070;G13_LC070
604491.788749967;6762627.19437527;6;30;G13_UH002;
604513.360802506;6762648.04255383;6;60;G13_UH003;
604534.932855045;6762668.89073239;6;90;G13_UH004;
604556.504907584;6762689.73891095;6;120;G13_UH005;
604578.076960123;6762710.58708951;6;150;G13_UH006;
604599.649012662;6762731.43526807;6;180;G13_UH007;
604621.221065201;6762752.28344663;6;210;G13_UH008;
604642.79311774;6762773.13162519;6;240;G13_UH009;
604685.937222819;6762814.82798231;6;300;G13_UH011;
604707.509275358;6762835.67616087;6;330;G13_UH012;
604729.081327897;6762856.52433943;6;360;G13_UH013;
604750.653380436;6762877.37251799;6;390;G13_UH014;
604772.225432975;6762898.22069654;6;420;G13_UH015;
604793.797485514;6762919.0688751;6;450;G13_UH016;
604815.369538053;6762939.91705366;6;480;G13_UH017;
604836.941590592;6762960.76523222;6;510;G13_UH018;
604858.513643131;6762981.61341078;6;540;G13_UH019;
604901.65774821;6763023.3097679;6;600;G13_UH021;
604923.229800749;6763044.15794646;6;630;G13_UH022;
604944.801853288;6763065.00612502;6;660;G13_UH023;
604966.373905827;6763085.85430358;6;690;G13_UH024;
604987.945958366;6763106.70248214;6;720;G13_UH025;
605009.518010905;6763127.5506607;6;750;G13_UH026;
605031.090063444;6763148.39883926;6;780;G13_UH027;
605052.662115983;6763169.24701782;6;810;G13_UH028;
605074.234168522;6763190.09519638;6;840;G13_UH029;
605117.378273601;6763231.7915535;6;900;G13_UH031;
605138.95032614;6763252.63973206;6;930;G13_UH032;
605160.522378679;6763273.48791062;6;960;G13_UH033;
605140.411915843;6763280.32792143;6;990;G13_UH034;
605110.627353927;6763283.91677521;6;1020;G13_UH035;
605080.842792011;6763287.50562899;6;1050;G13_UH036;
605051.058230095;6763291.09448278;6;1080;G13_UH037;
605021.273668179;6763294.68333656;6;1110;G13_UH038;
604991.489106263;6763298.27219034;6;1140;G13_UH039;
604931.919982432;6763305.44989791;6;1200;G13_UH041;
604902.135420516;6763309.03875169;6;1230;G13_UH042;
604872.3508586;6763312.62760548;6;1260;G13_UH043;
604842.566296684;6763316.21645926;6;1290;G13_UH044;
604812.781734768;6763319.80531304;6;1320;G13_UH045;
604782.997172852;6763323.39416683;6;1350;G13_UH046;
604753.212610936;6763326.98302061;6;1380;G13_UH047;
604723.42804902;6763330.5718744;6;1410;G13_UH048;
604693.643487104;6763334.16072818;6;1440;G13_UH049;
604634.074363273;6763341.33843575;6;1500;G13_UH051;
604604.289801357;6763344.92728953;6;1530;G13_UH052;
604574.505239441;6763348.51614331;6;1560;G13_UH053;
604544.720677525;6763352.1049971;6;1590;G13_UH054;
604514.936115609;6763355.69385088;6;1620;G13_UH055;
604485.151553693;6763359.28270466;6;1650;G13_UH056;
604455.366991777;6763362.87155845;6;1680;G13_UH057;
604425.582429861;6763366.46041223;6;1710;G13_UH058;
604395.797867946;6763370.04926601;6;1740;G13_UH059;
604336.228744114;6763377.22697358;6;1800;G13_UH061;
604306.444182198;6763380.81582736;6;1830;G13_UH062;
604276.659620282;6763384.40468115;6;1860;G13_UH063;
604246.875058366;6763387.99353493;6;1890;G13_UH064;
604217.09049645;6763391.58238871;6;1920;G13_UH065;
604187.305934534;6763395.1712425;6;1950;G13_UH066;
604157.521372619;6763398.76009628;6;1980;G13_UH067;
604127.736810703;6763402.34895006;6;2010;G13_UH068;
604097.952248787;6763405.93780385;6;2040;G13_UH069;
604038.383124955;6763413.11551141;6;2100;G13_UH071;
604008.598563039;6763416.7043652;6;2130;G13_UH072;
603978.814001123;6763420.29321898;6;2160;G13_UH073;
603949.029439207;6763423.88207277;6;2190;G13_UH074;
603919.244877292;6763427.47092655;6;2220;G13_UH075;
603889.460315376;6763431.05978033;6;2250;G13_UH076;
603859.67575346;6763434.64863412;6;2280;G13_UH077;
603829.891191544;6763438.2374879;6;2310;G13_UH078;
603800.106629628;6763441.82634168;6;2340;G13_UH079;
603743.520975126;6763449.9114241;6;2400;G13_UH081;
603766.263887512;6763469.47567559;6;2430;G13_UH082;
603789.006799897;6763489.03992707;6;2460;G13_UH083;
603811.749712283;6763508.60417856;6;2490;G13_UH084;
603834.492624669;6763528.16843004;6;2520;G13_UH085;
603857.235537055;6763547.73268153;6;2550;G13_UH086;
603879.97844944;6763567.29693302;6;2580;G13_UH087;
603902.721361826;6763586.8611845;6;2610;G13_UH088;
603925.464274212;6763606.42543599;6;2640;G13_UH089;
603970.950098984;6763645.55393896;6;2700;G13_UH091;
603993.693011369;6763665.11819045;6;2730;G13_UH092;
604016.435923755;6763684.68244193;6;2760;G13_UH093;
604039.178836141;6763704.24669342;6;2790;G13_UH094;
604061.921748527;6763723.8109449;6;2820;G13_UH095;
604084.664660913;6763743.37519639;6;2850;G13_UH096;
604107.407573298;6763762.93944788;6;2880;G13_UH097;
604130.150485684;6763782.50369936;6;2910;G13_UH098;
604152.89339807;6763802.06795085;6;2940;G13_UH099;
604198.379222842;6763841.19645382;6;3000;G13_UH101;
604221.122135228;6763860.76070531;6;3030;G13_UH102;
604243.865047613;6763880.32495679;6;3060;G13_UH103;
604266.607959999;6763899.88920828;6;3090;G13_UH104;
604289.350872385;6763919.45345976;6;3120;G13_UH105;
604312.093784771;6763939.01771125;6;3150;G13_UH106;
604334.836697157;6763958.58196274;6;3180;G13_UH107;
604357.579609542;6763978.14621422;6;3210;G13_UH108;
604380.322521928;6763997.71046571;6;3240;G13_UH109;
604425.8083467;6764036.83896868;6;3300;G13_UH111;
604448.551259086;6764056.40322017;6;3330;G13_UH112;
604471.294171471;6764075.96747165;6;3360;G13_UH113;
604494.037083857;6764095.53172314;6;3390;G13_UH114;
604510.424884266;6764101.64774385;6;3420;G13_UH115;
604509.749250556;6764071.65535283;6;3450;G13_UH116;
604509.073616846;6764041.66296181;6;3480;G13_UH117;
604508.397983135;6764011.67057079;6;3510;G13_UH118;
604507.722349425;6763981.67817977;6;3540;G13_UH119;
604506.371082004;6763921.69339773;6;3600;G13_UH121;
604505.695448294;6763891.70100671;6;3630;G13_UH122;
604505.019814583;6763861.70861569;6;3660;G13_UH123;
604504.344180873;6763831.71622467;6;3690;G13_UH124;
604503.668547163;6763801.72383365;6;3720;G13_UH125;
604502.992913452;6763771.73144263;6;3750;G13_UH126;
604502.317279742;6763741.73905161;6;3780;G13_UH127;
604501.641646031;6763711.74666059;6;3810;G13_UH128;
604500.966012321;6763681.75426957;6;3840;G13_UH129;
604499.6147449;6763621.76948753;6;3900;G13_UH131;
604498.93911119;6763591.77709651;6;3930;G13_UH132;
604498.26347748;6763561.78470549;6;3960;G13_UH133;
604497.587843769;6763531.79231447;6;3990;G13_UH134;
604496.912210059;6763501.79992345;6;4020;G13_UH135;
604496.236576348;6763471.80753244;6;4050;G13_UH136;
604495.560942638;6763441.81514141;6;4080;G13_UH137;
604494.885308928;6763411.82275039;6;4110;G13_UH138;
604494.209675217;6763381.83035937;6;4140;G13_UH139;
604492.858407797;6763321.84557734;6;4200;G13_UH141;
604492.182774086;6763291.85318632;6;4230;G13_UH142;
604491.507140376;6763261.86079529;6;4260;G13_UH143;
604490.831506665;6763231.86840428;6;4290;G13_UH144;
604490.155872955;6763201.87601325;6;4320;G13_UH145;
604489.480239245;6763171.88362224;6;4350;G13_UH146;
604488.804605534;6763141.89123122;6;4380;G13_UH147;
604488.128971824;6763111.8988402;6;4410;G13_UH148;
604487.453338114;6763081.90644918;6;4440;G13_UH149;
604486.102070693;6763021.92166714;6;4500;G13_UH151;
604485.426436982;6762991.92927612;6;4530;G13_UH152;
604484.750803272;6762961.9368851;6;4560;G13_UH153;
604484.075169562;6762931.94449408;6;4590;G13_UH154;
604483.399535851;6762901.95210306;6;4620;G13_UH155;
604482.723902141;6762871.95971204;6;4650;G13_UH156;
604482.048268431;6762841.96732102;6;4680;G13_UH157;
604481.37263472;6762811.97493;6;4710;G13_UH158;
604480.69700101;6762781.98253898;6;4740;G13_UH159;
604479.345733589;6762721.99775694;6;4800;G13_UH161;
604478.670099879;6762692.00536592;6;4830;G13_UH162;
604477.994466168;6762662.0129749;6;4860;G13_UH163;
604477.318832458;6762632.02058388;6;4890;G13_UH164;
604470.216697428;6762606.34619671;6;0;G13_UH001;G13_UH001
604664.365170279;6762793.97980375;6;270;G13_UH010;G13_UH010
604880.08569567;6763002.46158934;6;570;G13_UH020;G13_UH020
605095.806221062;6763210.94337494;6;870;G13_UH030;G13_UH030
604961.704544347;6763301.86104413;6;1170;G13_UH040;G13_UH040
604663.858925189;6763337.74958196;6;1470;G13_UH050;G13_UH050
604366.01330603;6763373.6381198;6;1770;G13_UH060;G13_UH060
604068.167686871;6763409.52665763;6;2070;G13_UH070;G13_UH070
603770.322067712;6763445.41519547;6;2370;G13_UH080;G13_UH080
603948.207186598;6763625.98968747;6;2670;G13_UH090;G13_UH090
604175.636310456;6763821.63220234;6;2970;G13_UH100;G13_UH100
604403.065434314;6764017.2747172;6;3270;G13_UH110;G13_UH110
604507.046715715;6763951.68578875;6;3570;G13_UH120;G13_UH120
604500.290378611;6763651.76187855;6;3870;G13_UH130;G13_UH130
604493.534041507;6763351.83796836;6;4170;G13_UH140;G13_UH140
604486.777704403;6763051.91405816;6;4470;G13_UH150;G13_UH150
604480.0213673;6762751.99014796;6;4770;G13_UH160;G13_UH160
604619.793594446;6763733.93330262;7;30;G13_UC002;
604589.897221699;6763736.42466702;7;60;G13_UC003;
604560.000848952;6763738.91603141;7;90;G13_UC004;
604530.104476204;6763741.40739581;7;120;G13_UC005;
604500.208103457;6763743.8987602;7;150;G13_UC006;
604470.31173071;6763746.3901246;7;180;G13_UC007;
604440.643572846;6763747.23603173;7;210;G13_UC008;
604412.553697519;6763736.70232849;7;240;G13_UC009;
604356.373946865;6763715.63492199;7;300;G13_UC011;
604328.284071538;6763705.10121874;7;330;G13_UC012;
604300.194196211;6763694.56751549;7;360;G13_UC013;
604272.104320884;6763684.03381225;7;390;G13_UC014;
604251.152397646;6763664.50489899;7;420;G13_UC015;
604234.511391759;6763639.54339016;7;450;G13_UC016;
604217.870385872;6763614.58188133;7;480;G13_UC017;
604201.229379986;6763589.6203725;7;510;G13_UC018;
604184.588374099;6763564.65886367;7;540;G13_UC019;
604151.306362325;6763514.73584601;7;600;G13_UC021;
604141.810561038;6763486.61351383;7;630;G13_UC022;
604134.534492287;6763457.50923883;7;660;G13_UC023;
604127.258423536;6763428.40496382;7;690;G13_UC024;
604119.982354785;6763399.30068882;7;720;G13_UC025;
604112.706286034;6763370.19641382;7;750;G13_UC026;
604109.377998116;6763341.09213881;7;780;G13_UC027;
604116.654066867;6763311.98786381;7;810;G13_UC028;
604123.930135618;6763282.8835888;7;840;G13_UC029;
604138.482273121;6763224.67503879;7;900;G13_UC031;
604145.758341872;6763195.57076379;7;930;G13_UC032;
604153.034410623;6763166.46648878;7;960;G13_UC033;
604169.430011618;6763141.35288138;7;990;G13_UC034;
604185.870799337;6763116.2590475;7;1020;G13_UC035;
604202.311587057;6763091.16521361;7;1050;G13_UC036;
604218.752374776;6763066.07137972;7;1080;G13_UC037;
604235.193162496;6763040.97754583;7;1110;G13_UC038;
604251.633950215;6763015.88371195;7;1140;G13_UC039;
604302.132042554;6762990.25598125;7;1200;G13_UC041;
604331.171949499;6762982.72711649;7;1230;G13_UC042;
604360.211856444;6762975.19825172;7;1260;G13_UC043;
604389.251763389;6762967.66938696;7;1290;G13_UC044;
604418.365440944;6762961.09665394;7;1320;G13_UC045;
604448.21655665;6762964.08176551;7;1350;G13_UC046;
604478.067672356;6762967.06687708;7;1380;G13_UC047;
604507.918788062;6762970.05198865;7;1410;G13_UC048;
604537.769903769;6762973.03710022;7;1440;G13_UC049;
604594.585274116;6762985.28693099;7;1500;G13_UC051;
604616.285940441;6763006.00120339;7;1530;G13_UC052;
604637.986606765;6763026.71547579;7;1560;G13_UC053;
604659.687273089;6763047.42974819;7;1590;G13_UC054;
604681.387939413;6763068.1440206;7;1620;G13_UC055;
604703.088605738;6763088.85829299;7;1650;G13_UC056;
604726.488400462;6763107.48402622;7;1680;G13_UC057;
604751.18478404;6763124.51601489;7;1710;G13_UC058;
604775.881167617;6763141.54800356;7;1740;G13_UC059;
604825.273934772;6763175.61198091;7;1800;G13_UC061;
604849.97031835;6763192.64396959;7;1830;G13_UC062;
604874.666701927;6763209.67595826;7;1860;G13_UC063;
604882.023158278;6763237.60390596;7;1890;G13_UC064;
604886.654464687;6763267.24426698;7;1920;G13_UC065;
604891.285771095;6763296.88462799;7;1950;G13_UC066;
604895.917077503;6763326.524989;7;1980;G13_UC067;
604900.548383911;6763356.16535002;7;2010;G13_UC068;
604905.179690319;6763385.80571103;7;2040;G13_UC069;
604879.046503837;6763437.64717904;7;2100;G13_UC071;
604862.874892944;6763462.91532106;7;2130;G13_UC072;
604846.703282051;6763488.18346308;7;2160;G13_UC073;
604830.531671159;6763513.4516051;7;2190;G13_UC074;
604814.268420417;6763538.65653814;7;2220;G13_UC075;
604796.393012692;6763562.74947899;7;2250;G13_UC076;
604778.517604966;6763586.84241984;7;2280;G13_UC077;
604760.642197241;6763610.93536068;7;2310;G13_UC078;
604742.766789516;6763635.02830153;7;2340;G13_UC079;
604707.015974066;6763683.21418322;7;2400;G13_UC081;
604689.14056634;6763707.30712407;7;2430;G13_UC082;
604649.689967194;6763731.44193823;7;0;G13_UC001;G13_UC001
604384.463822192;6763726.16862524;7;270;G13_UC010;G13_UC010
604167.947368212;6763539.69735484;7;570;G13_UC020;G13_UC020
604131.20620437;6763253.7793138;7;870;G13_UC030;G13_UC030
604273.092135609;6762997.78484601;7;1170;G13_UC040;G13_UC040
604567.621019475;6762976.02221179;7;1470;G13_UC050;G13_UC050
604800.577551195;6763158.57999224;7;1770;G13_UC060;G13_UC060
604895.218114729;6763412.37903702;7;2070;G13_UC070;G13_UC070
604724.891381791;6763659.12124238;7;2370;G13_UC080;G13_UC080
595018.160770931;6740999.50960179;8;30;G04_UH002;
595042.704486719;6741016.76086306;8;60;G04_UH003;
595067.248202507;6741034.01212433;8;90;G04_UH004;
595091.791918294;6741051.26338559;8;120;G04_UH005;
595116.335634082;6741068.51464686;8;150;G04_UH006;
595140.879349869;6741085.76590813;8;180;G04_UH007;
595165.423065657;6741103.0171694;8;210;G04_UH008;
595189.966781445;6741120.26843067;8;240;G04_UH009;
595239.05421302;6741154.7709532;8;300;G04_UH011;
595263.597928808;6741172.02221447;8;330;G04_UH012;
595288.141644595;6741189.27347574;8;360;G04_UH013;
595312.685360383;6741206.52473701;8;390;G04_UH014;
595337.229076171;6741223.77599827;8;420;G04_UH015;
595361.772791958;6741241.02725954;8;450;G04_UH016;
595386.316507746;6741258.27852081;8;480;G04_UH017;
595410.860223534;6741275.52978208;8;510;G04_UH018;
595435.403939321;6741292.78104335;8;540;G04_UH019;
595449.359110506;6741249.57240692;8;600;G04_UH021;
595452.621546516;6741219.75032599;8;630;G04_UH022;
595455.883982527;6741189.92824505;8;660;G04_UH023;
595459.146418537;6741160.10616412;8;690;G04_UH024;
595462.408854547;6741130.28408318;8;720;G04_UH025;
595465.671290557;6741100.46200225;8;750;G04_UH026;
595468.933726567;6741070.63992131;8;780;G04_UH027;
595472.196162577;6741040.81784038;8;810;G04_UH028;
595475.458598587;6741010.99575944;8;840;G04_UH029;
595481.983470607;6740951.35159757;8;900;G04_UH031;
595485.245906617;6740921.52951664;8;930;G04_UH032;
595488.508342627;6740891.7074357;8;960;G04_UH033;
595491.770778637;6740861.88535477;8;990;G04_UH034;
595495.033214647;6740832.06327383;8;1020;G04_UH035;
595498.295650657;6740802.2411929;8;1050;G04_UH036;
595501.558086667;6740772.41911196;8;1080;G04_UH037;
595504.820522678;6740742.59703103;8;1110;G04_UH038;
595508.082958688;6740712.77495009;8;1140;G04_UH039;
595514.607830708;6740653.13078823;8;1200;G04_UH041;
595517.870266718;6740623.30870729;8;1230;G04_UH042;
595521.132702728;6740593.48662636;8;1260;G04_UH043;
595524.395138738;6740563.66454542;8;1290;G04_UH044;
595527.657574748;6740533.84246449;8;1320;G04_UH045;
595530.920010758;6740504.02038355;8;1350;G04_UH046;
595534.182446768;6740474.19830262;8;1380;G04_UH047;
595537.444882778;6740444.37622168;8;1410;G04_UH048;
595540.707318788;6740414.55414075;8;1440;G04_UH049;
595547.232190809;6740354.90997888;8;1500;G04_UH051;
595550.494626819;6740325.08789794;8;1530;G04_UH052;
595553.757062829;6740295.26581701;8;1560;G04_UH053;
595557.019498839;6740265.44373607;8;1590;G04_UH054;
595560.281934849;6740235.62165514;8;1620;G04_UH055;
595567.957421587;6740219.38558675;8;1650;G04_UH056;
595588.121885869;6740241.59806928;8;1680;G04_UH057;
595608.28635015;6740263.81055181;8;1710;G04_UH058;
595628.450814432;6740286.02303435;8;1740;G04_UH059;
595668.779742996;6740330.44799941;8;1800;G04_UH061;
595688.944207278;6740352.66048194;8;1830;G04_UH062;
595709.10867156;6740374.87296447;8;1860;G04_UH063;
595729.273135842;6740397.085447;8;1890;G04_UH064;
595749.437600124;6740419.29792954;8;1920;G04_UH065;
595769.602064406;6740441.51041207;8;1950;G04_UH066;
595789.766528688;6740463.7228946;8;1980;G04_UH067;
595809.93099297;6740485.93537713;8;2010;G04_UH068;
595830.095457252;6740508.14785966;8;2040;G04_UH069;
595870.424385816;6740552.57282473;8;2100;G04_UH071;
595879.031251913;6740572.34458006;8;2130;G04_UH072;
595851.607431335;6740584.5073949;8;2160;G04_UH073;
595824.183610756;6740596.67020975;8;2190;G04_UH074;
595796.759790177;6740608.83302459;8;2220;G04_UH075;
595769.335969599;6740620.99583943;8;2250;G04_UH076;
595741.91214902;6740633.15865427;8;2280;G04_UH077;
595714.488328442;6740645.32146911;8;2310;G04_UH078;
595687.064507863;6740657.48428396;8;2340;G04_UH079;
595632.216866706;6740681.80991364;8;2400;G04_UH081;
595604.793046128;6740693.97272848;8;2430;G04_UH082;
595577.369225549;6740706.13554332;8;2460;G04_UH083;
595549.945404971;6740718.29835817;8;2490;G04_UH084;
595522.521584392;6740730.46117301;8;2520;G04_UH085;
595495.097763814;6740742.62398785;8;2550;G04_UH086;
595467.673943235;6740754.78680269;8;2580;G04_UH087;
595440.250122657;6740766.94961753;8;2610;G04_UH088;
595412.826302078;6740779.11243237;8;2640;G04_UH089;
595357.978660921;6740803.43806206;8;2700;G04_UH091;
595330.554840343;6740815.6008769;8;2730;G04_UH092;
595303.131019764;6740827.76369174;8;2760;G04_UH093;
595275.707199186;6740839.92650658;8;2790;G04_UH094;
595248.283378607;6740852.08932143;8;2820;G04_UH095;
595220.859558029;6740864.25213627;8;2850;G04_UH096;
595193.43573745;6740876.41495111;8;2880;G04_UH097;
595166.011916872;6740888.57776595;8;2910;G04_UH098;
595138.588096293;6740900.74058079;8;2940;G04_UH099;
595083.740455136;6740925.06621048;8;3000;G04_UH101;
595056.316634558;6740937.22902532;8;3030;G04_UH102;
595028.892813979;6740949.39184016;8;3060;G04_UH103;
595001.4689934;6740961.554655;8;3090;G04_UH104;
594974.045172822;6740973.71746984;8;3120;G04_UH105;
594993.617055144;6740982.25834052;8;0;G04_UH001;G04_UH001
595214.510497232;6741137.51969193;8;270;G04_UH010;G04_UH010
595446.096674496;6741279.39448786;8;570;G04_UH020;G04_UH020
595478.721034597;6740981.17367851;8;870;G04_UH030;G04_UH030
595511.345394698;6740682.95286916;8;1170;G04_UH040;G04_UH040
595543.969754799;6740384.73205981;8;1470;G04_UH050;G04_UH050
595648.615278714;6740308.23551688;8;1770;G04_UH060;G04_UH060
595850.259921534;6740530.36034219;8;2070;G04_UH070;G04_UH070
595659.640687285;6740669.6470988;8;2370;G04_UH080;G04_UH080
595385.4024815;6740791.27524722;8;2670;G04_UH090;G04_UH090
595111.164275715;6740912.90339563;8;2970;G04_UH100;G04_UH100
595543.77749381;6741012.60856463;9;30;G04_UC002;
595514.415230092;6741018.761407;9;60;G04_UC003;
595485.052966373;6741024.91424938;9;90;G04_UC004;
595455.690702655;6741031.06709176;9;120;G04_UC005;
595426.328438937;6741037.21993414;9;150;G04_UC006;
595396.966175218;6741043.37277652;9;180;G04_UC007;
595367.6039115;6741049.5256189;9;210;G04_UC008;
595345.349745037;6741029.87016798;9;240;G04_UC009;
595301.206746147;6740989.23280034;9;300;G04_UC011;
595279.135246702;6740968.91411651;9;330;G04_UC012;
595257.063747257;6740948.59543269;9;360;G04_UC013;
595234.992247813;6740928.27674887;9;390;G04_UC014;
595212.920748368;6740907.95806505;9;420;G04_UC015;
595198.143838749;6740883.22456349;9;450;G04_UC016;
595190.380095317;6740854.24656687;9;480;G04_UC017;
595182.616351885;6740825.26857026;9;510;G04_UC018;
595174.852608453;6740796.29057364;9;540;G04_UC019;
595179.029304341;6740741.20134071;9;600;G04_UC021;
595194.728415772;6740715.63695337;9;630;G04_UC022;
595210.427527202;6740690.07256602;9;660;G04_UC023;
595226.126638632;6740664.50817868;9;690;G04_UC024;
595241.825750063;6740638.94379133;9;720;G04_UC025;
595257.524861493;6740613.37940399;9;750;G04_UC026;
595277.008350582;6740591.21278883;9;780;G04_UC027;
595300.739777957;6740572.86014992;9;810;G04_UC028;
595324.471205331;6740554.50751102;9;840;G04_UC029;
595372.46024579;6740518.50790323;9;900;G04_UC031;
595396.821553324;6740500.99999943;9;930;G04_UC032;
595421.182860858;6740483.49209564;9;960;G04_UC033;
595445.544168391;6740465.98419185;9;990;G04_UC034;
595470.220460301;6740449.38377117;9;1020;G04_UC035;
595500.190062058;6740448.03359691;9;1050;G04_UC036;
595530.159663815;6740446.68342265;9;1080;G04_UC037;
595560.129265571;6740445.33324839;9;1110;G04_UC038;
595590.098867328;6740443.98307413;9;1140;G04_UC039;
595642.401689006;6740460.00768921;9;1200;G04_UC041;
595662.879792759;6740481.93135831;9;1230;G04_UC042;
595683.357896511;6740503.85502741;9;1260;G04_UC043;
595703.836000263;6740525.7786965;9;1290;G04_UC044;
595721.727119955;6740548.98603487;9;1320;G04_UC045;
595726.799383638;6740578.55412817;9;1350;G04_UC046;
595731.871647321;6740608.12222147;9;1380;G04_UC047;
595736.943911005;6740637.69031476;9;1410;G04_UC048;
595742.016174688;6740667.25840806;9;1440;G04_UC049;
595731.441774372;6740725.19593482;9;1500;G04_UC051;
595722.993536192;6740753.9818215;9;1530;G04_UC052;
595714.545298011;6740782.76770817;9;1560;G04_UC053;
595706.097059831;6740811.55359485;9;1590;G04_UC054;
595697.648821651;6740840.33948152;9;1620;G04_UC055;
595681.9223288;6740865.18459453;9;1650;G04_UC056;
595662.434902168;6740887.99336923;9;1680;G04_UC057;
595642.947475536;6740910.80214393;9;1710;G04_UC058;
595623.460048904;6740933.61091862;9;1740;G04_UC059;
595584.485195639;6740979.22846802;9;1800;G04_UC061;
595573.139757528;6741006.45572225;9;0;G04_UC001;G04_UC001
595323.278245592;6741009.55148416;9;270;G04_UC010;G04_UC010
595167.08886502;6740767.31257702;9;570;G04_UC020;G04_UC020
595348.202632706;6740536.15487211;9;870;G04_UC030;G04_UC030
595620.068469085;6740442.63289987;9;1170;G04_UC040;G04_UC040
595739.890012552;6740696.41004815;9;1470;G04_UC050;G04_UC050
595603.972622271;6740956.41969332;9;1770;G04_UC060;G04_UC060
595976.962660664;6739880.20192859;10;30;G04_LH002;
595992.802300053;6739905.67948389;10;60;G04_LH003;
596008.641939441;6739931.15703919;10;90;G04_LH004;
596024.481578829;6739956.63459449;10;120;G04_LH005;
596040.321218217;6739982.11214979;10;150;G04_LH006;
596056.160857606;6740007.58970509;10;180;G04_LH007;
596072.000496994;6740033.06726039;10;210;G04_LH008;
596087.840136382;6740058.54481569;10;240;G04_LH009;
596119.519415158;6740109.49992629;10;300;G04_LH011;
596135.359054547;6740134.97748159;10;330;G04_LH012;
596151.198693935;6740160.45503689;10;360;G04_LH013;
596167.038333323;6740185.93259219;10;390;G04_LH014;
596182.877972711;6740211.41014748;10;420;G04_LH015;
596198.717612099;6740236.88770278;10;450;G04_LH016;
596214.557251488;6740262.36525808;10;480;G04_LH017;
596230.396890876;6740287.84281338;10;510;G04_LH018;
596246.236530264;6740313.32036868;10;540;G04_LH019;
596277.91580904;6740364.27547928;10;600;G04_LH021;
596291.810752719;6740354.06553864;10;630;G04_LH022;
596304.788158298;6740327.01767469;10;660;G04_LH023;
596317.765563876;6740299.96981074;10;690;G04_LH024;
596330.742969455;6740272.92194678;10;720;G04_LH025;
596343.720375033;6740245.87408283;10;750;G04_LH026;
596356.697780612;6740218.82621888;10;780;G04_LH027;
596369.67518619;6740191.77835492;10;810;G04_LH028;
596382.652591769;6740164.73049097;10;840;G04_LH029;
596408.607402926;6740110.63476306;10;900;G04_LH031;
596421.584808504;6740083.58689911;10;930;G04_LH032;
596434.562214083;6740056.53903515;10;960;G04_LH033;
596447.539619661;6740029.4911712;10;990;G04_LH034;
596460.51702524;6740002.44330725;10;1020;G04_LH035;
596473.494430818;6739975.39544329;10;1050;G04_LH036;
596486.471836397;6739948.34757934;10;1080;G04_LH037;
596499.449241975;6739921.29971539;10;1110;G04_LH038;
596512.426647554;6739894.25185143;10;1140;G04_LH039;
596538.381458711;6739840.15612353;10;1200;G04_LH041;
596551.35886429;6739813.10825957;10;1230;G04_LH042;
596564.336269868;6739786.06039562;10;1260;G04_LH043;
596577.313675447;6739759.01253167;10;1290;G04_LH044;
596590.291081025;6739731.96466771;10;1320;G04_LH045;
596603.268486604;6739704.91680376;10;1350;G04_LH046;
596616.245892182;6739677.8689398;10;1380;G04_LH047;
596629.223297761;6739650.82107585;10;1410;G04_LH048;
596642.200703339;6739623.7732119;10;1440;G04_LH049;
596667.535018;6739593.07496897;10;1500;G04_LH051;
596679.060583058;6739620.77264667;10;1530;G04_LH052;
596690.586148115;6739648.47032438;10;1560;G04_LH053;
596702.111713173;6739676.16800208;10;1590;G04_LH054;
596713.637278231;6739703.86567978;10;1620;G04_LH055;
596725.162843289;6739731.56335748;10;1650;G04_LH056;
596736.688408346;6739759.26103519;10;1680;G04_LH057;
596748.213973404;6739786.95871289;10;1710;G04_LH058;
596759.739538462;6739814.65639059;10;1740;G04_LH059;
596782.790668577;6739870.051746;10;1800;G04_LH061;
596794.316233635;6739897.7494237;10;1830;G04_LH062;
596805.841798693;6739925.4471014;10;1860;G04_LH063;
596817.367363751;6739953.1447791;10;1890;G04_LH064;
596828.892928808;6739980.8424568;10;1920;G04_LH065;
596840.418493866;6740008.54013451;10;1950;G04_LH066;
596851.944058924;6740036.23781221;10;1980;G04_LH067;
596863.469623982;6740063.93548991;10;2010;G04_LH068;
596863.431066517;6740081.64879085;10;2040;G04_LH069;
596805.266232761;6740066.92289142;10;2100;G04_LH071;
596776.183815883;6740059.5599417;10;2130;G04_LH072;
596747.101399004;6740052.19699199;10;2160;G04_LH073;
596718.018982126;6740044.83404227;10;2190;G04_LH074;
596688.936565248;6740037.47109255;10;2220;G04_LH075;
596659.85414837;6740030.10814284;10;2250;G04_LH076;
596630.771731492;6740022.74519312;10;2280;G04_LH077;
596601.689314613;6740015.38224341;10;2310;G04_LH078;
596572.606897735;6740008.01929369;10;2340;G04_LH079;
596514.442063979;6739993.29339426;10;2400;G04_LH081;
596485.359647101;6739985.93044454;10;2430;G04_LH082;
596456.277230222;6739978.56749483;10;2460;G04_LH083;
596427.194813344;6739971.20454511;10;2490;G04_LH084;
596398.112396466;6739963.84159539;10;2520;G04_LH085;
596369.029979588;6739956.47864568;10;2550;G04_LH086;
596339.94756271;6739949.11569596;10;2580;G04_LH087;
596310.865145831;6739941.75274625;10;2610;G04_LH088;
596281.782728953;6739934.38979653;10;2640;G04_LH089;
596223.617895197;6739919.6638971;10;2700;G04_LH091;
596194.535478318;6739912.30094738;10;2730;G04_LH092;
596165.45306144;6739904.93799766;10;2760;G04_LH093;
596136.370644562;6739897.57504795;10;2790;G04_LH094;
596107.288227684;6739890.21209823;10;2820;G04_LH095;
596078.205810806;6739882.84914852;10;2850;G04_LH096;
596049.123393927;6739875.4861988;10;2880;G04_LH097;
596020.040977049;6739868.12324908;10;2910;G04_LH098;
595990.958560171;6739860.76029937;10;2940;G04_LH099;
595961.123021276;6739854.72437329;10;0;G04_LH001;G04_LH001
596103.67977577;6740084.02237099;10;270;G04_LH010;G04_LH010
596262.076169652;6740338.79792398;10;570;G04_LH020;G04_LH020
596395.629997347;6740137.68262702;10;870;G04_LH030;G04_LH030
596525.404053133;6739867.20398748;10;1170;G04_LH040;G04_LH040
596655.178108918;6739596.72534794;10;1470;G04_LH050;G04_LH050
596771.26510352;6739842.35406829;10;1770;G04_LH060;G04_LH060
596834.348649639;6740074.28584114;10;2070;G04_LH070;G04_LH070
596543.524480857;6740000.65634397;10;2370;G04_LH080;G04_LH080
596252.700312075;6739927.02684681;10;2670;G04_LH090;G04_LH090
596473.421118176;6740146.70304897;11;30;G04_LC002;
596443.433355583;6740147.55984219;11;60;G04_LC003;
596413.445592989;6740148.4166354;11;90;G04_LC004;
596383.457830395;6740149.27342862;11;120;G04_LC005;
596353.470067801;6740150.13022184;11;150;G04_LC006;
596323.482305207;6740150.98701506;11;180;G04_LC007;
596298.25102469;6740142.96520172;11;210;G04_LC008;
596282.35105649;6740117.5252526;11;240;G04_LC009;
596250.55112009;6740066.64535436;11;300;G04_LC011;
596234.65115189;6740041.20540524;11;330;G04_LC012;
596218.751183689;6740015.76545612;11;360;G04_LC013;
596215.803764242;6739986.06641355;11;390;G04_LC014;
596213.502869276;6739956.15477899;11;420;G04_LC015;
596211.201974309;6739926.24314442;11;450;G04_LC016;
596208.901079343;6739896.33150986;11;480;G04_LC017;
596206.600184376;6739866.41987529;11;510;G04_LC018;
596219.356445966;6739839.30770598;11;540;G04_LC019;
596245.15246079;6739785.13607485;11;600;G04_LC021;
596258.050468202;6739758.05025928;11;630;G04_LC022;
596279.445262254;6739740.09092631;11;660;G04_LC023;
596307.382545646;6739729.15894585;11;690;G04_LC024;
596335.319829037;6739718.22696539;11;720;G04_LC025;
596363.257112428;6739707.29498493;11;750;G04_LC026;
596391.194395819;6739696.36300448;11;780;G04_LC027;
596420.890196877;6739693.71372936;11;810;G04_LC028;
596450.859253083;6739692.35149953;11;840;G04_LC029;
596510.797365496;6739689.62703988;11;900;G04_LC031;
596537.061143143;6739700.89142008;11;930;G04_LC032;
596561.541877576;6739718.23194031;11;960;G04_LC033;
596586.022612009;6739735.57246053;11;990;G04_LC034;
596610.503346442;6739752.91298075;11;1020;G04_LC035;
596634.984080875;6739770.25350098;11;1050;G04_LC036;
596657.996690764;6739788.54740909;11;1080;G04_LC037;
596663.880174818;6739817.96482936;11;1110;G04_LC038;
596669.763658873;6739847.38224964;11;1140;G04_LC039;
596681.530626981;6739906.21709018;11;1200;G04_LC041;
596684.81391726;6739935.6501737;11;1230;G04_LC042;
596679.285261209;6739965.13633931;11;1260;G04_LC043;
596673.756605157;6739994.62250491;11;1290;G04_LC044;
596666.182999408;6740023.03004255;11;1320;G04_LC045;
596644.969795973;6740044.24324599;11;1350;G04_LC046;
596623.756592537;6740065.45644942;11;1380;G04_LC047;
596602.543389101;6740086.66965286;11;1410;G04_LC048;
596576.497681835;6740101.30972849;11;1440;G04_LC049;
596523.347789718;6740129.15014817;11;1500;G04_LC051;
596496.77284366;6740143.07035801;11;1530;G04_LC052;
596503.40888077;6740145.84625575;11;0;G04_LC001;G04_LC001
596266.45108829;6740092.08530348;11;270;G04_LC010;G04_LC010
596232.254453378;6739812.22189041;11;570;G04_LC020;G04_LC020
596480.82830929;6739690.98926971;11;870;G04_LC030;G04_LC030
596675.647142927;6739876.79966991;11;1170;G04_LC040;G04_LC040
596549.922735777;6740115.22993833;11;1470;G04_LC050;G04_LC050
