X,Y,X,Y,name
602496.245880085,6765638.78660637,-139.1040183314,61.0122802425,G13_Z1A_ZZ01
602536.491228022,6765626.14919756,-139.1032811178,61.0121563887,G13_Z1A_ZZ02
602496.266989386,6765612.34914808,-139.1040320927,61.0120430144,G13_Z1A_ZZ03
602536.321627216,6765598.96284965,-139.103298811,61.0119124905,G13_Z1A_ZZ04
602496.447678317,6765598.76363507,-139.1040360245,61.011921065,G13_Z1A_ZZ05
602510.062181045,6765639.08052608,-139.103762764,61.0122792898,G13_Z1A_ZZ06
602521.430311015,6765599.06240655,-139.1035740374,61.0119172541,G13_Z1A_ZZ07
602536.228712627,6765638.88281533,-139.1032791519,61.0122707153,G13_Z1A_ZZ08
602577.379794401,6765598.66574573,-139.1025399725,61.0118991506,G13_Z1B_ZZ01
602617.625906988,6765586.02924195,-139.101802759,61.0117752967,G13_Z1B_ZZ02
602577.401483689,6765572.22827247,-139.1025537339,61.0116619224,G13_Z1B_ZZ03
602617.456910893,6765558.84288606,-139.1018204521,61.0115313985,G13_Z1B_ZZ04
602577.582475015,6765558.6427726,-139.1025576657,61.0115399731,G13_Z1B_ZZ05
602591.196252061,6765598.95996944,-139.1022844052,61.0118981978,G13_Z1B_ZZ06
602602.565410792,6765558.94211432,-139.1020956785,61.0115361622,G13_Z1B_ZZ07
602617.363106725,6765598.76285572,-139.1018007931,61.0118896233,G13_Z1B_ZZ08
602455.17863788,6765999.4332199,-139.1045845113,61.0155269835,G13_Z1C_ZZ01
602495.41980959,6765986.79537632,-139.1038472978,61.0154031297,G13_Z1C_ZZ02
602455.199613529,6765972.9957534,-139.1045982727,61.0152897554,G13_Z1C_ZZ03
602495.250101888,6765959.60902235,-139.1038649909,61.0151592315,G13_Z1C_ZZ04
602455.380218886,6765959.41024558,-139.1046022045,61.0151678061,G13_Z1C_ZZ05
602468.993523672,6765999.72699162,-139.104328944,61.0155260308,G13_Z1C_ZZ06
602480.360307104,6765959.7087387,-139.1041402173,61.0151639951,G13_Z1C_ZZ07
602495.157381722,6765999.52900066,-139.1038453319,61.0155174563,G13_Z1C_ZZ08
602456.83747541,6765236.69547465,-139.1049619647,61.008682524,G13_Z2A_ZZ01
602497.087133124,6765224.05758458,-139.1042247511,61.0085586702,G13_Z2A_ZZ02
602456.858092575,6765210.25803041,-139.104975726,61.0084452959,G13_Z2A_ZZ03
602496.917004584,6765196.87125345,-139.1042424443,61.008314772,G13_Z2A_ZZ04
602457.038547473,6765196.6725337,-139.1049796578,61.0083233466,G13_Z2A_ZZ05
602470.655342584,6765236.98922663,-139.1047063973,61.0086815713,G13_Z2A_ZZ06
602482.024013528,6765196.97099104,-139.1045176706,61.0083195356,G13_Z2A_ZZ07
602496.824826283,6765236.79119865,-139.1042227852,61.0086729968,G13_Z2A_ZZ08
602894.412596356,6764877.27573506,-139.0970668994,61.0053435969,G13_Z2B_ZZ01
602934.667988917,6764864.6427631,-139.0963296859,61.005219743,G13_Z2B_ZZ02
602894.436292465,6764850.83826397,-139.0970806608,61.0051063687,G13_Z2B_ZZ03
602934.501016845,6764837.45639264,-139.096347379,61.0049758448,G13_Z2B_ZZ04
602894.618350166,6764837.25278011,-139.0970845926,61.0049844194,G13_Z2B_ZZ05
602908.231888667,6764877.57118234,-139.0968113321,61.0053426442,G13_Z2B_ZZ06
602919.606429696,6764837.55431412,-139.0966226054,61.0049806085,G13_Z2B_ZZ07
602934.404169595,6764877.37636484,-139.09632772,61.0053340697,G13_Z2B_ZZ08
603019.045243032,6765156.1637458,-139.0946134529,61.0078135216,G13_Z2C_ZZ01
603059.298035153,6765143.53221078,-139.0938762394,61.0076896677,G13_Z2C_ZZ02
603019.07001142,6765129.72625941,-139.0946272142,61.0075762934,G13_Z2C_ZZ03
603059.132174992,6765116.34581755,-139.0938939325,61.0074457695,G13_Z2C_ZZ04
603019.252604226,6765116.1407737,-139.094631146,61.0074543441,G13_Z2C_ZZ05
603032.863460785,6765156.45968938,-139.0943578855,61.0078125689,G13_Z2C_ZZ06
603044.238734991,6765116.44320455,-139.0941691589,61.0074505332,G13_Z2C_ZZ07
603059.033721463,6765156.2658109,-139.0938742735,61.0078039944,G13_Z2C_ZZ08
602976.621363282,6764182.70807011,-139.0959207782,60.9990898351,G13_Z3A_ZZ01
602936.38190508,6764168.90317184,-139.096671753,60.9989764608,G13_Z3A_ZZ02
602976.454329025,6764155.52171551,-139.0959384713,60.9988459369,G13_Z3A_ZZ03
602936.563983224,6764155.31768748,-139.0966756848,60.9988545114,G13_Z3A_ZZ04
602950.180189228,6764195.63620177,-139.0964024243,60.9992127362,G13_Z3A_ZZ05
602961.556872406,6764155.61947467,-139.0962136977,60.9988507005,G13_Z3A_ZZ06
602976.357507508,6764195.4416498,-139.0959188123,60.9992041617,G13_Z3A_ZZ07
602936.358228433,6764195.34061432,-139.0966579917,60.9992136889,G13_Z3A_ZZ08
603578.046926905,6764542.68826083,-139.0846129059,61.002162528,G13_Z3B_ZZ01
603537.81372637,6764528.8764569,-139.0853638807,61.0020491536,G13_Z3B_ZZ02
603577.884702741,6764515.5018265,-139.084630599,61.0019186298,G13_Z3B_ZZ03
603537.998182624,6764515.29098915,-139.0853678125,61.0019272043,G13_Z3B_ZZ04
603551.605985042,6764555.61190356,-139.085094552,61.0022854291,G13_Z3B_ZZ05
603562.988644183,6764515.59704299,-139.0849058254,61.0019233934,G13_Z3B_ZZ06
603577.780850669,6764555.42181947,-139.08461094,61.0022768546,G13_Z3B_ZZ07
603537.785389521,6764555.31395626,-139.0853501194,61.0022863818,G13_Z3B_ZZ08
603216.655719677,6764503.24648717,-139.0913127023,61.0019033041,G13_Z3C_ZZ01
603176.42081098,6764489.43881678,-139.0920636771,61.0017899298,G13_Z3C_ZZ02
603216.490704647,6764476.06009532,-139.0913303954,61.0016594059,G13_Z3C_ZZ03
603176.603874516,6764475.85334314,-139.0920676089,61.0016679805,G13_Z3C_ZZ04
603190.215912678,6764516.17282929,-139.0917943484,61.0020262053,G13_Z3C_ZZ05
603201.594547959,6764476.15684426,-139.0916056218,61.0016641696,G13_Z3C_ZZ06
603216.390953239,6764515.98007215,-139.0913107363,61.0020176308,G13_Z3C_ZZ07
603176.395186772,6764515.87629385,-139.0920499158,61.002027158,G13_Z3C_ZZ08
603377.375188767,6763982.78375645,-139.0886233474,60.9971911722,G13_Z4A_ZZ01
603337.134797137,6763968.97431507,-139.0893743222,60.9970777979,G13_Z4A_ZZ02
603377.211111648,6763955.59736198,-139.0886410405,60.996947274,G13_Z4A_ZZ03
603337.318368804,6763955.38885183,-139.089378254,60.9969558486,G13_Z4A_ZZ04
603350.931000221,6763995.70891988,-139.0891049935,60.9973140733,G13_Z4A_ZZ05
603362.312740961,6763955.69344322,-139.0889162669,60.9969520376,G13_Z4A_ZZ06
603377.109927176,6763995.51731629,-139.0886213815,60.9973054988,G13_Z4A_ZZ07
603337.108233501,6763995.41177535,-139.0893605609,60.997315026,G13_Z4A_ZZ08
603938.942400941,6764221.86669674,-139.0781175634,60.9991889592,G13_Z4B_ZZ01
603898.706725631,6764208.05082919,-139.0788685382,60.9990755849,G13_Z4B_ZZ02
603938.782760257,6764194.68023108,-139.0781352565,60.998945061,G13_Z4B_ZZ03
603898.892497951,6764194.46537263,-139.07887247,60.9989536356,G13_Z4B_ZZ04
603912.497729472,6764234.78768479,-139.0785992095,60.9993118604,G13_Z4B_ZZ05
603923.885287301,6764194.77395291,-139.0784104829,60.9989498247,G13_Z4B_ZZ06
603938.675082067,6764234.60024663,-139.0781155975,60.9993032859,G13_Z4B_ZZ07
603898.675858886,6764234.4883402,-139.0788547769,60.9993128131,G13_Z4B_ZZ08
603936.3187999,6764021.23723226,-139.0782748356,60.9973894305,G13_Z4C_ZZ01
603896.080787816,6764007.42140681,-139.0790258104,60.9972760561,G13_Z4C_ZZ02
603936.159025722,6763994.05077295,-139.0782925287,60.9971455323,G13_Z4C_ZZ03
603896.266508445,6763993.8359531,-139.0790297422,60.9971541068,G13_Z4C_ZZ04
603909.87269343,6764034.15823917,-139.0787564817,60.9975123316,G13_Z4C_ZZ05
603921.260711622,6763994.14450218,-139.0785677551,60.9971502959,G13_Z4C_ZZ06
603936.051524548,6764033.97076845,-139.0782728697,60.9975037571,G13_Z4C_ZZ07
603896.050040349,6764033.85891187,-139.0790120491,60.9975132843,G13_Z4C_ZZ08
604618.363802737,6763782.0709837,-139.0658031489,60.9950632617,G13_Z5A_ZZ01
604578.125373295,6763768.2474266,-139.0665541237,60.9949498874,G13_Z5A_ZZ02
604618.209117008,6763754.88445455,-139.065820842,60.9948193635,G13_Z5A_ZZ03
604578.313656896,6763754.66197783,-139.0665580555,60.994827938,G13_Z5A_ZZ04
604591.913289113,6763794.98693328,-139.0662847951,60.9951861628,G13_Z5A_ZZ05
604603.309671236,6763754.97532448,-139.0660960684,60.9948241271,G13_Z5A_ZZ06
604618.094118476,6763794.80448695,-139.065801183,60.9951775883,G13_Z5A_ZZ07
604578.089663933,6763794.68495272,-139.0665403624,60.9951871155,G13_Z5A_ZZ08
603857.983295737,6763499.6189969,-139.08000483,60.9927296366,G13_Z5B_ZZ01
603817.738960353,6763485.80412467,-139.0807558048,60.9926162622,G13_Z5B_ZZ02
603857.822626871,6763472.43256226,-139.0800225231,60.9924857384,G13_Z5B_ZZ03
603817.924272734,6763472.21867707,-139.0807597366,60.9924943129,G13_Z5B_ZZ04
603831.533738446,6763512.54061338,-139.0804864761,60.9928525377,G13_Z5B_ZZ05
603842.922138507,6763472.5266404,-139.0802977495,60.992490502,G13_Z5B_ZZ06
603857.716389438,6763512.35252956,-139.0800028641,60.9928439632,G13_Z5B_ZZ07
603817.709055666,6763512.24161011,-139.0807420435,60.9928534904,G13_Z5B_ZZ08
603896.923518927,6763420.01443973,-139.0793285594,60.9920051095,G13_Z5C_ZZ01
603856.678388801,6763406.19914409,-139.0800795343,60.9918917352,G13_Z5C_ZZ02
603896.763097884,6763392.82800291,-139.0793462526,60.9917612113,G13_Z5C_ZZ03
603856.8638338,6763392.61369834,-139.0800834661,60.9917697859,G13_Z5C_ZZ04
603870.473229763,6763432.93577079,-139.0798102056,60.9921280106,G13_Z5C_ZZ05
603881.862273576,6763392.92192044,-139.0796214789,60.9917659749,G13_Z5C_ZZ06
603896.656486203,6763432.74796964,-139.0793265935,60.9921194361,G13_Z5C_ZZ07
603856.648239334,6763432.6366185,-139.0800657729,60.9921289633,G13_Z5C_ZZ08
604698.678790446,6763339.92003315,-139.0645606984,60.9910746405,G13_Z6A_ZZ01
604658.435507912,6763326.09561282,-139.0653116732,60.9909612662,G13_Z6A_ZZ02
604698.52446901,6763312.73350828,-139.0645783915,60.9908307423,G13_Z6A_ZZ03
604658.62400657,6763312.51018306,-139.065315605,60.9908393169,G13_Z6A_ZZ04
604672.2247761,6763352.83540912,-139.0650423446,60.9911975416,G13_Z6A_ZZ05
604683.623152723,6763312.82405711,-139.0648536179,60.9908355059,G13_Z6A_ZZ06
604698.408892637,6763352.65352702,-139.0645587325,60.9911889671,G13_Z6A_ZZ07
604658.399420895,6763352.53313076,-139.0652979119,60.9911984943,G13_Z6A_ZZ08
605178.574394608,6763352.42636439,-139.0556885795,60.9910593093,G13_Z6B_ZZ01
605138.564721827,6763352.30054605,-139.056427759,60.9910688365,G13_Z6B_ZZ02
605178.846016304,6763339.69289169,-139.0556905454,60.9909449827,G13_Z6B_ZZ03
605138.604385567,6763325.86298989,-139.0564415203,60.9908316083,G13_Z6B_ZZ04
605178.695366157,6763312.50631284,-139.0557082386,60.9907010845,G13_Z6B_ZZ05
605138.794722919,6763312.27756923,-139.0564454521,60.990709659,G13_Z6B_ZZ06
605152.390114777,6763352.60469844,-139.0561721916,60.9910678838,G13_Z6B_ZZ07
605163.793964103,6763312.59484264,-139.0559834649,60.9907058481,G13_Z6B_ZZ08
604417.39130222,6762950.78755979,-139.0699688967,60.987657513,G13_Z6C_ZZ01
604377.377412783,6762950.67037742,-139.0707080761,60.9876670402,G13_Z6C_ZZ02
604417.660123547,6762938.0540478,-139.0699708626,60.9875431863,G13_Z6C_ZZ03
604377.411206732,6762924.23287596,-139.0707218374,60.987429812,G13_Z6C_ZZ04
604417.50342261,6762910.8675667,-139.0699885557,60.9872992881,G13_Z6C_ZZ05
604377.598545605,6762910.64744673,-139.0707257692,60.9873078627,G13_Z6C_ZZ06
604391.204317514,6762950.97153377,-139.0704525088,60.9876660874,G13_Z6C_ZZ07
604402.600472442,6762910.95932351,-139.0702637821,60.9873040518,G13_Z6C_ZZ08
605138.35490858,6762268.89109022,-139.0570253934,60.9813477193,G13_Z7A_ZZ01
605098.333042174,6762268.76583671,-139.0577645728,60.9813572465,G13_Z7A_ZZ02
605138.626201878,6762256.15763004,-139.0570273593,60.9812333927,G13_Z7A_ZZ03
605098.371864077,6762242.32832511,-139.0577783341,60.9811200184,G13_Z7A_ZZ04
605138.474633318,6762228.97108842,-139.0570450524,60.9809894945,G13_Z7A_ZZ05
605098.561820808,6762228.74291923,-139.0577822659,60.9809980691,G13_Z7A_ZZ06
605112.162658935,6762269.06979363,-139.0575090054,60.9813562938,G13_Z7A_ZZ07
605123.568686827,6762229.05982819,-139.0573202788,60.9809942581,G13_Z7A_ZZ08
605099.324284969,6762350.20791563,-139.0577016639,60.9820877439,G13_Z7B_ZZ01
605059.303350946,6762350.08309452,-139.0584408433,60.9820972711,G13_Z7B_ZZ02
605099.595451995,6762337.47445266,-139.0577036298,60.9819734173,G13_Z7B_ZZ03
605059.341922899,6762323.64558278,-139.0584546046,60.981860043,G13_Z7B_ZZ04
605099.443630884,6762310.28791296,-139.0577213229,60.9817295191,G13_Z7B_ZZ05
605059.531747226,6762310.06017499,-139.0584585364,60.9817380937,G13_Z7B_ZZ06
605073.132642565,6762350.38690186,-139.058185276,60.9820963184,G13_Z7B_ZZ07
605084.538032593,6762310.37682491,-139.0579965493,60.9817342828,G13_Z7B_ZZ08
604738.54482682,6762830.07993968,-139.0641026431,60.9864893764,G13_Z7C_ZZ01
604698.529447567,6762829.9591433,-139.0648418225,60.9864989036,G13_Z7C_ZZ02
604738.814780252,6762817.34645448,-139.064104609,60.9863750498,G13_Z7C_ZZ03
604698.565573047,6762803.52162701,-139.0648555838,60.9862616754,G13_Z7C_ZZ04
604738.660469706,6762790.15994083,-139.0641223021,60.9861311516,G13_Z7C_ZZ05
604698.754116395,6762789.93620551,-139.0648595156,60.9861397261,G13_Z7C_ZZ06
604712.356849209,6762830.26155995,-139.0645862551,60.9864979509,G13_Z7C_ZZ07
604723.756953066,6762790.25034058,-139.0643975285,60.9861359152,G13_Z7C_ZZ08
598331.584831466,6756376.00436782,-139.1857527018,60.9302214255,G02_Z1A_ZZ01
598291.499263561,6756375.95652811,-139.1864918812,60.9302309527,G02_Z1A_ZZ02
598331.830748655,6756363.27070446,-139.1857546677,60.9301070989,G02_Z1A_ZZ03
598291.484568248,6756349.51960888,-139.1865056425,60.9299937246,G02_Z1A_ZZ04
598331.623842475,6756336.08514252,-139.1857723608,60.9298632007,G02_Z1A_ZZ05
598291.647293734,6756335.93417857,-139.1865095743,60.9298717753,G02_Z1A_ZZ06
598305.3514208,6756376.23372794,-139.1862363138,60.93023,G02_Z1A_ZZ07
598316.694445146,6756336.20272225,-139.1860475872,60.9298679644,G02_Z1A_ZZ08
598091.659450103,6756416.20590785,-139.1901563238,60.9306417072,G02_Z1B_ZZ01
598051.574429944,6756416.16077172,-139.1908955032,60.9306512344,G02_Z1B_ZZ02
598091.904514719,6756403.47222348,-139.1901582897,60.9305273805,G02_Z1B_ZZ03
598051.557971451,6756389.72385627,-139.1909092645,60.9304140062,G02_Z1B_ZZ04
598091.695797757,6756376.28668983,-139.1901759828,60.9302834823,G02_Z1B_ZZ05
598051.719788377,6756376.13842214,-139.1909131963,60.9302920569,G02_Z1B_ZZ06
598065.4264156,6756416.43702601,-139.1906399358,60.9306502816,G02_Z1B_ZZ07
598076.76661346,6756376.4052764,-139.1904512092,60.930288246,G02_Z1B_ZZ08
598250.91722767,6756455.52117191,-139.1871996061,60.9309550021,G02_Z1C_ZZ01
598210.832587614,6756455.4742349,-139.1879387855,60.9309645293,G02_Z1C_ZZ02
598251.16286868,6756442.78750431,-139.187201572,60.9308406755,G02_Z1C_ZZ03
598210.817325963,6756429.03730742,-139.1879525469,60.9307273011,G02_Z1C_ZZ04
598250.955384418,6756415.60194967,-139.1872192652,60.9305967773,G02_Z1C_ZZ05
598210.979759102,6756415.45187484,-139.1879564787,60.9306053518,G02_Z1C_ZZ06
598224.68442434,6756455.75112261,-139.1876832182,60.9309635766,G02_Z1C_ZZ07
598236.026341252,6756415.7198546,-139.1874944915,60.9306015409,G02_Z1C_ZZ08
598531.426553978,6755936.14336267,-139.182292713,60.9262246428,G02_Z2A_ZZ01
598491.335950953,6755936.09330996,-139.1830318924,60.92623417,G02_Z2A_ZZ02
598531.673116605,6755923.40970201,-139.1822946789,60.9261103161,G02_Z2A_ZZ03
598491.322529371,6755909.65637933,-139.1830456537,60.9259969418,G02_Z2A_ZZ04
598531.467495756,6755896.2241292,-139.182312372,60.9258664179,G02_Z2A_ZZ05
598491.485930644,6755896.07095828,-139.1830495855,60.9258749925,G02_Z2A_ZZ06
598505.189830157,6755936.37127436,-139.1827763251,60.9262332173,G02_Z2A_ZZ07
598516.536216651,6755896.34088473,-139.1825875984,60.9258711816,G02_Z2A_ZZ08
598571.860194978,6755693.25085099,-139.1816714878,60.9240349848,G02_Z2B_ZZ01
598531.766839253,6755693.20036528,-139.1824106672,60.924044512,G02_Z2B_ZZ02
598572.106863396,6755680.51719525,-139.1816734537,60.9239206581,G02_Z2B_ZZ03
598531.75360126,6755666.76343919,-139.1824244285,60.9238072838,G02_Z2B_ZZ04
598571.901418136,6755653.33162504,-139.1816911468,60.9236767599,G02_Z2B_ZZ05
598531.91710857,6755653.17802231,-139.1824283603,60.9236853345,G02_Z2B_ZZ06
598545.621673293,6755693.47847941,-139.1821550998,60.9240435593,G02_Z2B_ZZ07
598556.96911289,6755653.44821926,-139.1819663732,60.9236815236,G02_Z2B_ZZ08
598651.416330283,6755854.3028244,-139.1801223564,60.9254603656,G02_Z2C_ZZ01
598611.324757707,6755854.25142557,-139.1808615358,60.9254698928,G02_Z2C_ZZ02
598651.663309131,6755841.56918069,-139.1801243223,60.925346039,G02_Z2C_ZZ03
598611.312182765,6755827.81448923,-139.1808752972,60.9252326646,G02_Z2C_ZZ04
598651.458554703,6755814.38358444,-139.1801420155,60.9251021407,G02_Z2C_ZZ05
598611.476026018,6755814.22907104,-139.180879229,60.9251107153,G02_Z2C_ZZ06
598625.178963548,6755854.5298552,-139.1806059685,60.9254689401,G02_Z2C_ZZ07
598636.526915559,6755814.49983879,-139.1804172418,60.9251069044,G02_Z2C_ZZ08
598971.018599669,6755225.39273397,-139.1745529541,60.9197371003,G02_Z3A_ZZ01
599011.17312647,6755211.96583324,-139.1738196724,60.9196065764,G02_Z3A_ZZ02
598971.183696386,6755211.80732972,-139.1745568859,60.919615151,G02_Z3A_ZZ03
598984.885369689,6755252.10948854,-139.1742836254,60.9199733758,G02_Z3A_ZZ04
598996.238888859,6755212.08059733,-139.1740948988,60.9196113401,G02_Z3A_ZZ05
599011.127289527,6755251.88507596,-139.1738000134,60.9199648013,G02_Z3A_ZZ06
598971.028787293,6755251.82967613,-139.1745391928,60.9199743285,G02_Z3A_ZZ07
599011.375459685,6755239.15144349,-139.1738019793,60.9198504746,G02_Z3A_ZZ08
598930.247372678,6755387.38212283,-139.175221361,60.9212008937,G02_Z3B_ZZ01
598970.399940854,6755373.95477586,-139.1744880793,60.9210703698,G02_Z3B_ZZ02
598930.412346067,6755373.79671559,-139.1752252928,60.9210789444,G02_Z3B_ZZ03
598944.113728325,6755414.09871466,-139.1749520324,60.9214371691,G02_Z3B_ZZ04
598955.466390438,6755374.06969437,-139.1747633057,60.9210751334,G02_Z3B_ZZ05
598970.354446408,6755413.87401132,-139.1744684203,60.9214285946,G02_Z3B_ZZ06
598930.257785385,6755413.81905596,-139.1752075997,60.9214381218,G02_Z3B_ZZ07
598970.602496378,6755401.14038616,-139.1744703862,60.921314268,G02_Z3B_ZZ08
598810.538592706,6755105.49969751,-139.1775725806,60.9187013213,G02_Z3C_ZZ01
598850.693771476,6755092.07097902,-139.1768392989,60.9185707974,G02_Z3C_ZZ02
598810.703052712,6755091.91429282,-139.1775765124,60.918579372,G02_Z3C_ZZ03
598824.407064129,6755132.2158079,-139.177303252,60.9189375968,G02_Z3C_ZZ04
598835.759060826,6755092.18642171,-139.1771145253,60.9185755611,G02_Z3C_ZZ05
598850.64981954,6755131.99020307,-139.1768196399,60.9189290223,G02_Z3C_ZZ06
598810.550029982,6755131.93662546,-139.1775588193,60.9189385495,G02_Z3C_ZZ07
598850.897395892,6755119.25656594,-139.1768216058,60.9188146956,G02_Z3C_ZZ08
599169.197985534,6754666.52455849,-139.1711873287,60.9146725465,G02_Z4A_ZZ01
599209.359509624,6754653.09985632,-139.170454047,60.9145420227,G02_Z4A_ZZ02
599169.363727193,6754652.93916531,-139.1711912605,60.9145505972,G02_Z4A_ZZ03
599183.065744252,6754693.24206363,-139.170918,60.914908822,G02_Z4A_ZZ04
599194.422891973,6754653.21379648,-139.1707292734,60.9145467863,G02_Z4A_ZZ05
599209.31184786,6754693.01907928,-139.170434388,60.9149002475,G02_Z4A_ZZ06
599169.206970831,6754692.96149712,-139.1711735674,60.9149097747,G02_Z4A_ZZ07
599209.560637042,6754680.28547341,-139.1704363539,60.9147859209,G02_Z4A_ZZ08
599531.905167022,6754691.81501889,-139.1644894982,60.9148085048,G02_Z4B_ZZ01
599491.800148696,6754691.7537971,-139.1652286776,60.914818032,G02_Z4B_ZZ02
599532.155110657,6754679.08142579,-139.1644914641,60.9146941782,G02_Z4B_ZZ03
599491.7935583,6754665.31683729,-139.1652424389,60.9145808038,G02_Z4B_ZZ04
599531.95644557,6754651.89575838,-139.1645091572,60.9144502799,G02_Z4B_ZZ05
599491.960525847,6754651.73144854,-139.1652463708,60.9144588545,G02_Z4B_ZZ06
599505.658941908,6754692.03562137,-139.1649731103,60.9148170793,G02_Z4B_ZZ07
599517.019762719,6754652.00835424,-139.1647843836,60.9144550436,G02_Z4B_ZZ08
599010.08338213,6755013.75600689,-139.1739415584,60.917828222,G02_Z4C_ZZ01
598969.982197429,6755013.70064174,-139.1746807378,60.9178377492,G02_Z4C_ZZ02
599010.331509881,6755001.02238878,-139.1739435243,60.9177138954,G02_Z4C_ZZ03
598969.97188697,6754987.26371787,-139.1746944991,60.9176005211,G02_Z4C_ZZ04
599010.12903781,6754973.83678605,-139.1739612174,60.9174699972,G02_Z4C_ZZ05
598970.136932119,6754973.67831714,-139.1746984309,60.9174785718,G02_Z4C_ZZ06
598983.83970799,6755013.9804421,-139.1744251704,60.9178367965,G02_Z4C_ZZ07
598995.193802096,6754973.95155188,-139.1742364438,60.9174747608,G02_Z4C_ZZ08
599663.90610818,6754130.64185385,-139.1623466643,60.9097396764,G02_Z5A_ZZ01
599675.270108523,6754090.61508707,-139.1621579376,60.9093776407,G02_Z5A_ZZ02
599690.156522234,6754130.42238436,-139.1618630522,60.9097311019,G02_Z5A_ZZ03
599650.04511671,6754130.35943142,-139.1626022316,60.9097406291,G02_Z5A_ZZ04
599690.40694169,6754117.68879408,-139.1618650181,60.9096167752,G02_Z5A_ZZ05
599650.039429887,6754103.92247792,-139.1626159929,60.9095034009,G02_Z5A_ZZ06
599690.209174816,6754090.50313599,-139.1618827112,60.909372877,G02_Z5A_ZZ07
599650.206888898,6754090.33709976,-139.1626199248,60.9093814516,G02_Z5A_ZZ08
599583.158494678,6754210.18116853,-139.1637935687,60.9104737225,G02_Z5B_ZZ01
599594.521382102,6754170.15415006,-139.163604842,60.9101116868,G02_Z5B_ZZ02
599609.40829586,6754209.9611079,-139.1633099566,60.910465148,G02_Z5B_ZZ03
599569.297818371,6754209.89905828,-139.164049136,60.9104746752,G02_Z5B_ZZ04
599609.658438915,6754197.22752446,-139.1633119225,60.9103508214,G02_Z5B_ZZ05
599569.291570514,6754183.4621077,-139.1640628973,60.910237447,G02_Z5B_ZZ06
599609.460099578,6754170.0418737,-139.1633296156,60.9101069232,G02_Z5B_ZZ07
599569.4587427,6754169.87672736,-139.1640668291,60.9101154977,G02_Z5B_ZZ08
599903.253491912,6754572.7655684,-139.1577071339,60.9136467333,G02_Z5C_ZZ01
599914.619117475,6754532.73953579,-139.1575184073,60.9132846976,G02_Z5C_ZZ02
599929.500722608,6754572.54789378,-139.1572235219,60.9136381588,G02_Z5C_ZZ03
599889.394203057,6754572.48219757,-139.1579627013,60.913647686,G02_Z5C_ZZ04
599929.752069977,6754559.81431812,-139.1572254878,60.9135238322,G02_Z5C_ZZ05
599889.390507289,6754546.04521536,-139.1579764626,60.9134104578,G02_Z5C_ZZ06
599929.556373948,6754532.6286174,-139.1572431809,60.913279934,G02_Z5C_ZZ07
599889.558974148,6754532.45983427,-139.1579803944,60.9132885085,G02_Z5C_ZZ08
600422.373498451,6754653.85233524,-139.1480978016,60.914243074,G02_Z6A_ZZ01
600433.744827106,6754613.82791125,-139.1479090749,60.9138810383,G02_Z6A_ZZ02
600448.620309884,6754653.6384987,-139.1476141895,60.9142344995,G02_Z6A_ZZ03
600408.514497933,6754653.56693748,-139.1483533689,60.9142440267,G02_Z6A_ZZ04
600448.873528732,6754640.90493163,-139.1476161554,60.9141201728,G02_Z6A_ZZ05
600408.514696143,6754627.12991937,-139.1483671302,60.9140067985,G02_Z6A_ZZ06
600448.681840305,6754613.71916589,-139.1476338485,60.9138762746,G02_Z6A_ZZ07
600408.685161063,6754613.54454473,-139.148371062,60.9138848492,G02_Z6A_ZZ08
600583.729059812,6754289.47706939,-139.1453140833,60.9109324746,G02_Z6B_ZZ01
600595.103111524,6754249.45315197,-139.1451253567,60.9105704389,G02_Z6B_ZZ02
600609.978604253,6754289.26440086,-139.1448304713,60.9109239001,G02_Z6B_ZZ03
600569.868623293,6754289.19105468,-139.1455696507,60.9109334273,G02_Z6B_ZZ04
600610.23234117,6754276.53084525,-139.1448324372,60.9108095734,G02_Z6B_ZZ05
600569.869842479,6754262.75403699,-139.145583412,60.9106961991,G02_Z6B_ZZ06
600610.041682633,6754249.3450714,-139.1448501303,60.9105656752,G02_Z6B_ZZ07
600570.040849776,6754249.16867015,-139.1455873438,60.9105742498,G02_Z6B_ZZ08
600545.258293818,6754291.79704142,-139.1460218083,60.9109630591,G02_Z6C_ZZ01
600556.631902859,6754251.77300462,-139.1458330817,60.9106010234,G02_Z6C_ZZ02
600571.507813775,6754291.58408915,-139.1455381962,60.9109544846,G02_Z6C_ZZ03
600531.397868803,6754291.51117664,-139.1462773757,60.9109640118,G02_Z6C_ZZ04
600571.76140766,6754278.85054294,-139.1455401622,60.910840158,G02_Z6C_ZZ05
600531.398803496,6754265.07416134,-139.146291137,60.9107267836,G02_Z6C_ZZ06
600571.570456774,6754251.66477363,-139.1455578553,60.9105962598,G02_Z6C_ZZ07
600531.569664418,6754251.48879389,-139.1462950688,60.9106048343,G02_Z6C_ZZ08
600704.273947502,6754251.98939835,-139.1431122723,60.910565459,G02_Z7A_ZZ01
600715.649460525,6754211.96585549,-139.1429235457,60.9102034233,G02_Z7A_ZZ02
600730.523808296,6754251.77761742,-139.1426286603,60.9105568845,G02_Z7A_ZZ03
600690.413357149,6754251.70291486,-139.1433678397,60.9105664117,G02_Z7A_ZZ04
600730.777970163,6754239.04407832,-139.1426306262,60.9104425579,G02_Z7A_ZZ05
600690.41545307,6754225.26589057,-139.143381601,60.9103291835,G02_Z7A_ZZ06
600730.588210924,6754211.8582912,-139.1426483193,60.9101986597,G02_Z7A_ZZ07
600690.586912905,6754211.6805261,-139.1433855328,60.9102072342,G02_Z7A_ZZ08
601194.759075718,6754171.03760883,-139.1341163016,60.9097140624,G02_Z7B_ZZ01
601209.628342437,6754210.8514182,-139.1338214162,60.9100675236,G02_Z7B_ZZ02
601169.517239805,6754210.77131418,-139.1345605956,60.9100770508,G02_Z7B_ZZ03
601209.884212415,6754198.11788798,-139.1338233821,60.9099531969,G02_Z7B_ZZ04
601169.522872733,6754184.33426068,-139.1345743569,60.9098398226,G02_Z7B_ZZ05
601209.698087186,6754170.93204497,-139.1338410752,60.9097092987,G02_Z7B_ZZ06
601169.696152962,6754170.74890414,-139.1345782887,60.9097178733,G02_Z7B_ZZ07
601183.378014987,6754211.05966433,-139.1343050283,60.9100760981,G02_Z7B_ZZ08
600876.669676103,6753770.85233976,-139.1401870091,60.9062042088,G02_Z7C_ZZ01
600891.544415049,6753810.66475536,-139.1398921237,60.90655767,G02_Z7C_ZZ02
600851.428930672,6753810.58827934,-139.1406313031,60.9065671972,G02_Z7C_ZZ03
600891.79908102,6753797.93122877,-139.1398940896,60.9064433434,G02_Z7C_ZZ04
600851.43200694,6753784.15126894,-139.1406450644,60.9063299691,G02_Z7C_ZZ05
600891.610306073,6753770.74543599,-139.1399117827,60.9061994452,G02_Z7C_ZZ06
600851.603986684,6753770.56591327,-139.1406489963,60.9062080198,G02_Z7C_ZZ07
600865.291245222,6753810.87537548,-139.1403757358,60.9065662445,G02_Z7C_ZZ08
596839.972060461,6739987.50026102,-139.2214534947,60.7835228096,G04_Z1A_ZZ01
596880.479721962,6739974.79667637,-139.2207162812,60.7833989557,G04_Z1A_ZZ02
596839.938797121,6739961.06392295,-139.221467256,60.7832855814,G04_Z1A_ZZ03
596880.252839817,6739947.6118092,-139.2207339743,60.7831550575,G04_Z1A_ZZ04
596840.092762015,6739947.4787209,-139.2214711878,60.7831636321,G04_Z1A_ZZ05
596853.88797017,6739987.77126168,-139.2211979273,60.7835218569,G04_Z1A_ZZ06
596865.255024616,6739947.73606064,-139.2210092007,60.7831598212,G04_Z1A_ZZ07
596880.241588187,6739987.5301787,-139.2207143153,60.7835132824,G04_Z1A_ZZ08
596959.424689843,6739942.83427359,-139.2192831381,60.7830929142,G04_Z1B_ZZ01
596999.933318708,6739930.13204687,-139.2185459246,60.7829690604,G04_Z1B_ZZ02
596959.392287311,6739916.39793951,-139.2192968994,60.7828556861,G04_Z1B_ZZ03
596999.707319417,6739902.94716594,-139.2185636177,60.7827251622,G04_Z1B_ZZ04
596959.546697053,6739902.81273948,-139.2193008312,60.7827337368,G04_Z1B_ZZ05
596973.340780921,6739943.10573799,-139.2190275707,60.7830919615,G04_Z1B_ZZ06
596984.709295482,6739903.07090655,-139.2188388441,60.7827299258,G04_Z1B_ZZ07
596999.694766996,6739942.86553305,-139.2185439587,60.783083387,G04_Z1B_ZZ08
597510.103051195,6739826.93069802,-139.2092334435,60.7819183478,G04_Z1C_ZZ01
597550.615142468,6739814.23468736,-139.20849623,60.781794494,G04_Z1C_ZZ02
597510.074660776,6739800.49432851,-139.2092472048,60.7816811197,G04_Z1C_ZZ03
597550.393261575,6739787.04974033,-139.2085139231,60.7815505958,G04_Z1C_ZZ04
597510.23113875,6739786.90913657,-139.2092511366,60.7815591704,G04_Z1C_ZZ05
597524.019622622,6739827.20430304,-139.2089778762,60.7819173951,G04_Z1C_ZZ06
597535.394650579,6739787.17118535,-139.2087891495,60.7815553595,G04_Z1C_ZZ07
597550.374648637,6739826.96815151,-139.2084942641,60.7819088206,G04_Z1C_ZZ08
596360.635392628,6739985.66272318,-139.2302528751,60.7836226073,G04_Z2A_ZZ01
596401.14117984,6739972.95373079,-139.2295156616,60.7834987535,G04_Z2A_ZZ02
596360.598587723,6739959.22643062,-139.2302666364,60.7833853792,G04_Z2A_ZZ03
596400.910656985,6739945.76892484,-139.2295333547,60.7832548553,G04_Z2A_ZZ04
596360.750732093,6739945.64122328,-139.2302705682,60.7832634299,G04_Z2A_ZZ05
596374.551274035,6739985.93185687,-139.2299973078,60.7836216546,G04_Z2A_ZZ06
596385.912922494,6739945.89517663,-139.2298085811,60.7832596189,G04_Z2A_ZZ07
596400.904753156,6739985.68723952,-139.2295136957,60.7836130801,G04_Z2A_ZZ08
596320.312813933,6739745.22847503,-139.2311119746,60.7814747259,G04_Z2B_ZZ01
596334.114724843,6739785.51893314,-139.2308387141,60.7818329506,G04_Z2B_ZZ02
596345.476406983,6739745.48213184,-139.2306499875,60.7814709149,G04_Z2B_ZZ03
596360.469660039,6739785.27400524,-139.2303551021,60.7818243761,G04_Z2B_ZZ04
596320.198060345,6739785.24996334,-139.2310942815,60.7818339033,G04_Z2B_ZZ05
596360.705911411,6739772.54049784,-139.230357068,60.7817100495,G04_Z2B_ZZ06
596320.160862154,6739758.81367977,-139.2311080428,60.7815966752,G04_Z2B_ZZ07
596360.474973402,6739745.35570339,-139.2303747611,60.7814661513,G04_Z2B_ZZ08
596359.749206795,6739665.01958366,-139.2304278405,60.7807453972,G04_Z2C_ZZ01
596373.551044614,6739705.31020262,-139.23015458,60.781103622,G04_Z2C_ZZ02
596384.91337625,6739665.2735247,-139.2299658533,60.7807415863,G04_Z2C_ZZ03
596399.906588481,6739705.06556074,-139.2296709679,60.7810950475,G04_Z2C_ZZ04
596359.634070857,6739705.04108202,-139.2304101473,60.7811045747,G04_Z2C_ZZ05
596400.142967989,6739692.33204477,-139.2296729338,60.7809807208,G04_Z2C_ZZ06
596359.597120907,6739678.60478675,-139.2304239087,60.7808673465,G04_Z2C_ZZ07
596399.912280691,6739665.14724765,-139.229690627,60.7807368226,G04_Z2C_ZZ08
595922.608717607,6740388.00359196,-139.238094861,60.7873389555,G04_Z3A_ZZ01
595936.412121081,6740428.29252699,-139.2378216005,60.7876971802,G04_Z3A_ZZ02
595947.767723201,6740388.25449749,-139.2376328738,60.7873351446,G04_Z3A_ZZ03
595962.762200306,6740428.04471709,-139.2373379884,60.7876886058,G04_Z3A_ZZ04
595922.497988834,6740428.02509633,-139.2380771678,60.787698133,G04_Z3A_ZZ05
595962.997136426,6740415.31117512,-139.2373399543,60.7875742791,G04_Z3A_ZZ06
595922.458151032,6740401.58881073,-139.2380909292,60.7874609048,G04_Z3A_ZZ07
595962.763519354,6740388.1264112,-139.2373576475,60.7873303809,G04_Z3A_ZZ08
595720.876136645,6740147.36927384,-139.2419165758,60.785228065,G04_Z3B_ZZ01
595734.68288065,6740187.65739188,-139.2416433153,60.7855862897,G04_Z3B_ZZ02
595746.036794098,6740147.61873351,-139.2414545887,60.785224254,G04_Z3B_ZZ03
595761.034659278,6740187.40806859,-139.2411597033,60.7855777152,G04_Z3B_ZZ04
595720.767819045,6740187.39074343,-139.2418988827,60.7855872424,G04_Z3B_ZZ05
595761.268839326,6740174.67453385,-139.2411616692,60.7854633886,G04_Z3B_ZZ06
595720.726382911,6740160.95449107,-139.241912644,60.7853500143,G04_Z3B_ZZ07
595761.033566225,6740147.48980364,-139.2411793623,60.7852194904,G04_Z3B_ZZ08
595965.377387638,6740549.95000508,-139.2372298638,60.7887819463,G04_Z3C_ZZ01
595979.179576856,6740590.23913311,-139.2369566033,60.7891401711,G04_Z3C_ZZ02
595990.535256084,6740550.20122112,-139.2367678767,60.7887781354,G04_Z3C_ZZ03
596005.528478619,6740589.99163729,-139.2364729912,60.7891315966,G04_Z3C_ZZ04
595965.26606726,6740589.97151933,-139.2372121707,60.7891411238,G04_Z3C_ZZ05
596005.763592292,6740577.2580946,-139.2364749571,60.7890172699,G04_Z3C_ZZ06
595965.226627158,6740563.53522585,-139.237225932,60.7889038956,G04_Z3C_ZZ07
596005.530387238,6740550.07332006,-139.2364926503,60.7887733717,G04_Z3C_ZZ08
595680.742342117,6740750.14525275,-139.242356938,60.7906470031,G04_Z4A_ZZ01
595694.546785068,6740790.4332702,-139.2420836775,60.7910052279,G04_Z4A_ZZ02
595705.898751545,6740750.39447623,-139.2418949509,60.7906431922,G04_Z4A_ZZ03
595720.894114436,6740790.18368754,-139.2416000655,60.7909966534,G04_Z4A_ZZ04
595680.634072603,6740790.16675846,-139.2423392449,60.7910061806,G04_Z4A_ZZ05
595721.128245402,6740777.45014289,-139.2416020314,60.7908823268,G04_Z4A_ZZ06
595680.592623883,6740763.73047957,-139.2423530062,60.7907689524,G04_Z4A_ZZ07
595720.892991647,6740750.26539877,-139.2416197245,60.7906384286,G04_Z4A_ZZ08
595681.273950206,6740346.46292139,-139.2425456647,60.7870242441,G04_Z4B_ZZ01
595695.080227326,6740386.75089828,-139.2422724042,60.7873824688,G04_Z4B_ZZ02
595706.433205445,6740346.71211401,-139.2420836775,60.7870204331,G04_Z4B_ZZ03
595721.430533196,6740386.50129521,-139.2417887921,60.7873738943,G04_Z4B_ZZ04
595681.165948702,6740386.48439774,-139.2425279715,60.7873834215,G04_Z4B_ZZ05
595721.664603226,6740373.76775625,-139.241790758,60.7872595677,G04_Z4B_ZZ06
595681.124308252,6740360.04814207,-139.2425417329,60.7871461934,G04_Z4B_ZZ07
595721.429130994,6740346.58302469,-139.2418084512,60.7870156695,G04_Z4B_ZZ08
595442.185933672,6740749.75079834,-139.2467369692,60.7907007316,G04_Z4C_ZZ01
595455.993032534,6740790.03786058,-139.2464637087,60.7910589563,G04_Z4C_ZZ02
595467.342303507,6740749.99834196,-139.2462749821,60.7906969207,G04_Z4C_ZZ03
595482.340286382,6740789.78651882,-139.2459800967,60.7910503818,G04_Z4C_ZZ04
595442.080333383,6740789.77227796,-139.2467192761,60.791059909,G04_Z4C_ZZ05
595482.573567735,6740777.05296559,-139.2459820626,60.7909360552,G04_Z4C_ZZ06
595442.037121653,6740763.33602763,-139.2467330374,60.7908226809,G04_Z4C_ZZ07
595482.336501793,6740749.86825225,-139.2459997557,60.790692157,G04_Z4C_ZZ08
595122.01587783,6740709.99473244,-139.2526346773,60.7904205964,G04_Z5A_ZZ01
595135.826719569,6740750.28052438,-139.2523614168,60.7907788211,G04_Z5A_ZZ02
595147.17247085,6740710.24000808,-139.2521726902,60.7904167854,G04_Z5A_ZZ03
595162.174160816,6740750.02681933,-139.2518778048,60.7907702466,G04_Z5A_ZZ04
595121.913885545,6740750.01619001,-139.2526169842,60.7907797738,G04_Z5A_ZZ05
595162.406295807,6740737.29325521,-139.2518797707,60.79065592,G04_Z5A_ZZ06
595121.86828964,6740723.57996438,-139.2526307455,60.7905425457,G04_Z5A_ZZ07
595162.166776653,6740710.10858455,-139.2518974638,60.7904120218,G04_Z5A_ZZ08
595202.757074555,6741151.71201429,-139.2509361374,60.7943652663,G04_Z5B_ZZ01
595216.565005432,6741191.9981714,-139.2506628769,60.7947234911,G04_Z5B_ZZ02
595227.910579376,6741151.95789546,-139.2504741502,60.7943614554,G04_Z5B_ZZ03
595242.909227713,6741191.74508853,-139.2501792648,60.7947149166,G04_Z5B_ZZ04
595202.653891533,6741191.73350843,-139.2509184442,60.7947244438,G04_Z5B_ZZ05
595243.141719023,6741179.01150994,-139.2501812307,60.7946005899,G04_Z5B_ZZ06
595202.609094282,6741165.29725214,-139.2509322056,60.7944872156,G04_Z5B_ZZ07
595242.903044662,6741151.82681466,-139.2501989239,60.7943566917,G04_Z5B_ZZ08
595521.77540488,6741152.96147688,-139.2450777473,60.794300043,G04_Z5C_ZZ01
595535.579775441,6741193.24888542,-139.2448044869,60.7946582677,G04_Z5C_ZZ02
595546.928952388,6741153.20959335,-139.2446157602,60.794296232,G04_Z5C_ZZ03
595561.92409337,6741192.9981551,-139.2443208748,60.7946496932,G04_Z5C_ZZ04
595521.668646567,6741192.98297989,-139.2450600542,60.7946592204,G04_Z5C_ZZ05
595562.157720843,6741180.26459907,-139.2443228407,60.7945353666,G04_Z5C_ZZ06
595521.626212414,6741166.54671149,-139.2450738155,60.7944219923,G04_Z5C_ZZ07
595561.921476095,6741153.07986268,-139.2443405338,60.7942914684,G04_Z5C_ZZ08
595015.707065396,6741433.76484206,-139.2542329562,60.7969411099,G04_Z6A_ZZ01
595027.049769175,6741393.72394195,-139.2540442295,60.7965790742,G04_Z6A_ZZ02
595042.049442298,6741433.51029259,-139.2537493441,60.7969325354,G04_Z6A_ZZ03
595001.796905251,6741433.5009536,-139.2544885235,60.7969420626,G04_Z6A_ZZ04
595042.281255319,6741420.77671457,-139.25375131,60.7968182088,G04_Z6A_ZZ05
595001.750736783,6741407.06471587,-139.2545022849,60.7967048345,G04_Z6A_ZZ06
595042.041190093,6741393.59203779,-139.2537690031,60.7965743106,G04_Z6A_ZZ07
595001.898000666,6741393.4794723,-139.2545062167,60.7965828852,G04_Z6A_ZZ08
595015.298338481,6741674.44855247,-139.2541228656,60.7991011053,G04_Z6B_ZZ01
595026.640435193,6741634.40764617,-139.253934139,60.7987390696,G04_Z6B_ZZ02
595041.638938344,6741674.19401433,-139.2536392536,60.7990925308,G04_Z6B_ZZ03
595001.389110001,6741674.18465769,-139.254378433,60.799102058,G04_Z6B_ZZ04
595041.870787176,6741661.46043291,-139.2536412195,60.7989782042,G04_Z6B_ZZ05
595001.343056788,6741647.7484128,-139.2543921943,60.7988648299,G04_Z6B_ZZ06
595041.630847857,6741634.27574854,-139.2536589126,60.798734306,G04_Z6B_ZZ07
595001.490365596,6741634.16316556,-139.2543961261,60.7987428806,G04_Z6B_ZZ08
594935.888625211,6741633.43305037,-139.2556012245,60.7987519845,G04_Z6C_ZZ01
594947.22993132,6741593.39190017,-139.2554124978,60.7983899488,G04_Z6C_ZZ02
594962.229506315,6741633.1779243,-139.2551176124,60.79874341,G04_Z6C_ZZ03
594921.97924741,6741633.16946636,-139.2558567918,60.7987529372,G04_Z6C_ZZ04
594962.461065907,6741620.44434063,-139.2551195783,60.7986290834,G04_Z6C_ZZ05
594921.932588068,6741606.73322857,-139.2558705531,60.7985157091,G04_Z6C_ZZ06
594962.220501235,6741593.25966787,-139.2551372714,60.7983851852,G04_Z6C_ZZ07
594922.079587223,6741593.14798116,-139.2558744849,60.7983937598,G04_Z6C_ZZ08
595336.635529401,6742036.10731405,-139.2480442945,60.8022697666,G04_Z7A_ZZ01
595347.98036765,6741996.06740289,-139.2478555678,60.801907731,G04_Z7A_ZZ02
595362.973578372,6742035.85516762,-139.2475606824,60.8022611921,G04_Z7A_ZZ03
595322.727689077,6742035.84215593,-139.2482998619,60.8022707193,G04_Z7A_ZZ04
595363.206628111,6742023.1215926,-139.2475626483,60.8021468655,G04_Z7A_ZZ05
595322.684180702,6742009.40587646,-139.2483136232,60.8020334912,G04_Z7A_ZZ06
595362.969319141,6741995.93685503,-139.2475803415,60.8019029673,G04_Z7A_ZZ07
595322.832780516,6741995.82062697,-139.248317555,60.8019115419,G04_Z7A_ZZ08
595480.966219474,6741914.39219391,-139.2454532348,60.8011428904,G04_Z7B_ZZ01
595521.447132364,6741901.67339889,-139.2447160212,60.8010190365,G04_Z7B_ZZ02
595480.923823969,6741887.95589544,-139.2454669961,60.8009056622,G04_Z7B_ZZ03
595521.210960607,6741874.48864475,-139.2447337144,60.8007751383,G04_Z7B_ZZ04
595481.073001586,6741874.37064943,-139.2454709279,60.8007837129,G04_Z7B_ZZ05
595494.874542515,6741914.65796446,-139.2451976674,60.8011419377,G04_Z7B_ZZ06
595506.221471341,6741874.61853267,-139.2450089407,60.800779902,G04_Z7B_ZZ07
595521.21353742,6741914.40697765,-139.2447140553,60.8011333632,G04_Z7B_ZZ08
595242.042798525,6741754.1126418,-139.2499197657,60.799761805,G04_Z7C_ZZ01
595282.52454024,6741741.39113283,-139.2491825522,60.7996379511,G04_Z7C_ZZ02
595241.998561772,6741727.67636566,-139.249933527,60.7995245768,G04_Z7C_ZZ03
595282.286472359,6741714.20641476,-139.2492002453,60.7993940529,G04_Z7C_ZZ04
595242.146800463,6741714.09111964,-139.2499374588,60.7994026275,G04_Z7C_ZZ05
595255.951730757,6741754.37747652,-139.2496641983,60.7997608523,G04_Z7C_ZZ06
595267.296350082,6741714.33731079,-139.2494754717,60.7993988166,G04_Z7C_ZZ07
595282.29182139,6741754.12471791,-139.2491805863,60.7997522778,G04_Z7C_ZZ08
