595983.777,6740519.75,4.1
595989.623,6740527.82,4.2
595995.509,6740535.94,4.3
595964.905,6740493.71,5.1
595970.775,6740501.81,5.2
595976.645,6740509.91,5.3
595949.658,6740470.05,6.1
595954.813,6740478.6,6.2
595959.035,6740485.6,6.3
595934.353,6740445.64,7.1
595939.747,6740454.06,7.2
595944.489,6740461.47,7.3
595917.298,6740419.86,8.1
595922.887,6740428.17,8.2
595928.459,6740436.46,8.3
595901.221,6740394.86,9.1
595906.545,6740403.33,9.2
595911.727,6740411.56,9.3
595882.912,6740369.34,10.1
595888.956,6740377.28,10.2
595895.02,6740385.24,10.3
595866.281,6740344.47,11.1
595871.573,6740352.94,11.2
595876.848,6740361.38,11.3
595849.276,6740319.21,12.1
595854.994,6740327.41,12.2
595860.712,6740335.61,12.3
595831.699,6740294.76,13.1
595837.584,6740302.82,13.2
595843.487,6740310.91,13.3
595814.465,6740269.88,14.1
595820.071,6740278.19,14.2
595825.661,6740286.48,14.3
595799.504,6740245.86,15.1
595804.611,6740254.44,15.2
595808.876,6740261.6,15.3
595781.976,6740220.13,16.1
595787.832,6740228.21,16.2
595793.706,6740236.32,16.3
595767.04,6740196.05,17.1
595771.984,6740204.76,17.2
595776.101,6740212.02,17.3
595752.148,6740169.4,18.1
595757.01,6740178.16,18.2
595761.858,6740186.9,18.3
595734.089,6740143.55,19.1
595740.201,6740151.47,19.2
595746.314,6740159.39,19.3
595716.497,6740120.97,20.1
595722.66,6740128.84,20.2
595727.976,6740135.63,20.3
596017.994,6739949.56,21.1
596012.508,6739941.15,21.2
596007.063,6739932.8,21.3
596034.615,6739975.05,22.1
596029.152,6739966.67,22.2
596023.689,6739958.29,22.3
596051.476,6739999.85,23.1
596045.777,6739991.64,23.2
596040.078,6739983.43,23.3
596068.284,6740024.51,24.1
596062.696,6740016.24,24.2
596057.175,6740008.07,24.3
596084.93,6740050.12,25.1
596079.541,6740041.67,25.2
596074.168,6740033.25,25.3
596100.303,6740076.51,26.1
596095.436,6740067.77,26.2
596090.57,6740059.03,26.3
596115.25,6740101.83,27.1
596110.064,6740093.3,27.2
596105.169,6740085.25,27.3
596132.142,6740127.37,28.1
596126.462,6740119.12,28.2
596120.799,6740110.9,28.3
596147.456,6740153,29.1
596142.594,6740144.23,29.2
596137.805,6740135.6,29.3
596162.038,6740179.83,30.1
596157.301,6740171.02,30.2
596152.564,6740162.22,30.3
596177.958,6740204.45,31.1
596172.188,6740196.3,31.2
596166.775,6740188.64,31.3
596195.656,6740229.55,32.1
596189.886,6740221.36,32.2
596184.134,6740213.19,32.3
596212.126,6740254.47,33.1
596206.726,6740246.03,33.2
596201.407,6740237.71,33.3
596227.958,6740280.06,34.1
596222.757,6740271.51,34.2
596217.557,6740262.96,34.3
596243.437,6740305.15,35.1
596238.158,6740296.65,35.2
596233.159,6740288.6,35.3
596259.746,6740328.57,36.1
596253.798,6740320.53,36.2
596248.716,6740313.65,36.3
596338.769,6740248.89,37.1
596332.328,6740256.62,37.2
596325.967,6740264.26,37.3
596364.61,6740199.47,38.1
596360.386,6740208.53,38.2
596356.163,6740217.59,38.3
596389.689,6740143.26,39.1
596385.628,6740152.44,39.2
596381.591,6740161.57,39.3
596415.78,6740086.54,40.1
596411.574,6740095.61,40.2
596407.368,6740104.69,40.3
596441.448,6740036.23,41.1
596436.827,6740045.11,41.2
596432.205,6740053.98,41.3
596467.736,6739982.03,42.1
596463.418,6739991.06,42.2
596459.127,6740000.04,42.3
596492.062,6739928.51,43.1
596487.959,6739937.63,43.2
596483.856,6739946.76,43.3
596519.488,6739872.47,44.1
596515.04,6739881.42,44.2
596510.592,6739890.36,44.3
596546.228,6739820.53,45.1
596541.624,6739829.41,45.2
596537.02,6739838.29,45.3
596572.422,6739766.67,46.1
596568.114,6739775.64,46.2
596563.781,6739784.67,46.3
596599.803,6739712.58,47.1
596595.244,6739721.5,47.2
596590.711,6739730.36,47.3
596625.758,6739659.87,48.1
596621.371,6739668.85,48.2
596616.983,6739677.83,48.3
596706.063,6739693.32,49.1
596697.336,6739688.44,49.2
596688.609,6739683.56,49.3
596733.236,6739753.15,50.1
596730.054,6739743.67,50.2
596726.871,6739734.19,50.3
596758.343,6739806.12,51.1
596753.847,6739797.21,51.2
596749.325,6739788.23,51.3
596783.157,6739860.61,52.1
596779.079,6739851.46,52.2
596775.025,6739842.37,52.3
596805.082,6739916.18,53.1
596801.478,6739906.8,53.2
596797.896,6739897.49,53.3
596826.839,6739972.26,54.1
596823.217,6739962.94,54.2
596819.595,6739953.62,54.3
596846.891,6740026.1,55.1
596843.426,6740016.71,55.2
596839.96,6740007.32,55.3
596861.111,6740070.99,56.1
596858.214,6740061.43,56.2
596855.317,6740051.87,56.3
596782.289,6740061.01,57.1
596792.08,6740063.35,57.2
596801.78,6740065.67,57.3
596725.17,6740043.76,58.1
596734.745,6740046.78,58.2
596744.263,6740049.77,58.3
596668.137,6740031.16,59.1
596677.95,6740033.15,59.2
596687.705,6740035.12,59.3
596608.747,6740013.73,60.1
596618.331,6740016.72,60.2
596627.856,6740019.69,60.3
596549.513,6740002.35,61.1
596559.407,6740004.02,61.2
596569.242,6740005.69,61.3
596492.252,6739986.42,62.1
596501.84,6739989.31,62.2
596511.371,6739992.17,62.3
596433.283,6739975.24,63.1
596443.183,6739976.9,63.2
596453.023,6739978.56,63.3
596375.683,6739959.48,64.1
596385.269,6739962.31,64.2
596394.855,6739965.14,64.3
596317.23,6739946.52,65.1
596326.98,6739948.54,65.2
596336.788,6739950.58,65.3
596256.297,6739930.93,66.1
596265.974,6739933.5,66.2
596275.59,6739936.05,66.3
596202.986,6739915.04,67.1
596212.523,6739917.95,67.2
596222.113,6739920.88,67.3
596142.854,6739900.67,68.1
596152.576,6739902.87,68.2
596162.358,6739905.08,68.3
596092.529,6739882.96,69.1
596101.866,6739886.53,69.2
596111.202,6739890.1,69.3
596026.699,6739869.52,70.1
596036.59,6739871.25,70.2
596046.415,6739872.97,70.3
595478.802,6740751.34,72.1
595488.211,6740747.94,72.2
595497.621,6740744.54,72.3
595446.624,6740762.97,73.1
595456.028,6740759.57,73.2
595465.431,6740756.17,73.3
595394.004,6740787.44,74.1
595402.992,6740783.06,74.2
595411.98,6740778.68,74.3
595338.694,6740811.8,75.1
595347.914,6740807.82,75.2
595357.079,6740803.87,75.3
595284.728,6740836.22,76.1
595293.796,6740832.08,76.2
595302.919,6740827.91,76.3
595229.916,6740860.91,77.1
595239.075,6740856.79,77.2
595248.181,6740852.7,77.3
595175.097,6740885.04,78.1
595184.218,6740881.04,78.2
595193.393,6740877.02,78.3
595121.32,6740910.3,79.1
595130.337,6740906.01,79.2
595139.408,6740901.69,79.3
595064.99,6740936.24,80.1
595074.08,6740932.08,80.2
595083.17,6740927.92,80.3
595010.464,6740959.28,81.1
595019.661,6740955.46,81.2
595028.912,6740951.61,81.3
594983.207,6740970.75,82.1
594992.414,6740966.85,82.2
595001.213,6740963.12,82.3
594988.639,6740979.5,83.1
594979.145,6740976.36,83.2
594974,6740974.66,83.3
595039.105,6741008.68,84.1
595030.693,6741003.34,84.2
595022.231,6740997.96,84.3
595086.273,6741043.84,85.1
595078.383,6741037.77,85.2
595070.445,6741031.66,85.3
595132.918,6741079.64,86.1
595124.981,6741073.55,86.2
595117.043,6741067.47,86.3
595182.446,6741115.66,87.1
595174.337,6741109.82,87.2
595166.228,6741103.99,87.3
595231.132,6741148.96,88.1
595222.821,6741143.33,88.2
595214.559,6741137.74,88.3
595280.689,6741185.34,89.1
595272.647,6741179.35,89.2
595264.655,6741173.39,89.3
595328.86,6741220.28,90.1
595320.738,6741214.42,90.2
595312.663,6741208.6,90.3
595379.379,6741252.04,91.1
595370.819,6741246.81,91.2
595362.309,6741241.61,91.3
595433.465,6741290.57,92.1
595425.359,6741284.64,92.2
595417.307,6741278.75,92.3
595445.978,6741257.73,93.1
595444.833,6741267.67,93.2
595443.689,6741277.6,93.3
595453.782,6741198.66,94.1
595452.443,6741208.53,94.2
595451.097,6741218.47,94.3
595460.929,6741139.47,95.1
595459.763,6741149.37,95.2
595458.59,6741159.33,95.3
595470.365,6741079.16,96.1
595468.752,6741088.99,96.2
595467.129,6741098.88,96.3
595476.595,6741020.52,97.1
595475.651,6741030.5,97.2
595474.713,6741040.43,97.3
595480.649,6740961.7,98.1
595480.01,6740971.71,98.2
595479.376,6740981.67,98.3
595485.234,6740900.99,99.1
595484.458,6740910.96,99.2
595483.682,6740920.93,99.3
595491.208,6740840.99,100.1
595490.178,6740850.9,100.2
595489.143,6740860.87,100.3
595499.264,6740782.08,101.1
595497.844,6740791.97,101.2
595496.425,6740801.86,101.3
595506.237,6740722.34,102.1
595505.13,6740732.27,102.2
595504.023,6740742.2,102.3
595513.047,6740662.33,103.1
595511.912,6740672.29,103.2
595510.783,6740682.2,103.3
595520.397,6740603.03,104.1
595519.148,6740612.94,104.2
595517.899,6740622.85,104.3
595526.552,6740543.59,105.1
595525.567,6740553.53,105.2
595524.576,6740563.53,105.3
595533.913,6740483.84,106.1
595532.642,6740493.76,106.2
595531.372,6740503.69,106.3
595541.635,6740423.32,107.1
595540.375,6740433.2,107.2
595539.108,6740443.13,107.3
595549.598,6740362.46,108.1
595548.292,6740372.39,108.2
595546.995,6740382.26,108.3
595552.233,6740304.51,109.1
595551.956,6740314.49,109.2
595551.68,6740324.48,109.3
595557.351,6740244.32,110.1
595556.388,6740254.31,110.2
595555.43,6740264.24,110.3
595578.491,6740239.52,111.1
595568.804,6740237.06,111.2
595559.116,6740234.59,111.3
595621.994,6740278.71,112.1
595615.247,6740271.38,112.2
595608.459,6740264.01,112.3
595662.117,6740323.49,113.1
595655.434,6740315.99,113.2
595648.791,6740308.54,113.3
595703.308,6740367.27,114.1
595696.424,6740360.03,114.2
595689.539,6740352.79,114.3
595742.899,6740410.71,115.1
595736.192,6740403.29,115.2
595729.485,6740395.87,115.3
595782.71,6740458.19,116.1
595776.311,6740450.45,116.2
595769.95,6740442.75,116.3
595824.79,6740500.81,117.1
595817.663,6740493.84,117.2
595810.494,6740486.83,117.3
595865.471,6740545.33,118.1
595858.833,6740537.9,118.2
595852.155,6740530.42,118.3
595875.378,6740563.57,119.1
595872.504,6740553.98,119.2
595872.15,6740552.8,119.3
595833.681,6740591.89,120.1
595842.885,6740588.02,120.2
595852.143,6740584.12,120.3
595777.517,6740616.6,121.1
595786.617,6740612.57,121.2
595795.774,6740608.5,121.3
595723.538,6740641.44,122.1
595732.6,6740637.24,122.2
595741.715,6740633.01,122.3
595668.456,6740667.4,123.1
595677.495,6740663.13,123.2
595686.533,6740658.85,123.3
595614.524,6740690.73,124.1
595623.731,6740686.82,124.2
595632.937,6740682.92,124.3
595557.377,6740714.27,125.1
595566.599,6740710.49,125.2
595575.878,6740706.69,125.3
595529.736,6740726.52,126.1
595538.807,6740722.35,126.2
595547.906,6740718.16,126.3
595308.081,6740566.16,127.1
595315.408,6740559.42,127.2
595322.775,6740552.63,127.3
595264.891,6740605.93,128.1
595272.237,6740599.17,128.2
595279.626,6740592.37,128.3
595230.633,6740656.27,129.1
595235.88,6740647.77,129.2
595241.16,6740639.22,129.3
595199.347,6740707.32,130.1
595204.573,6740698.78,130.2
595209.769,6740690.29,130.3
595171.147,6740758.8,131.1
595175.858,6740749.99,131.2
595180.597,6740741.14,131.3
595179.637,6740816.43,132.1
595177.025,6740806.77,132.2
595174.414,6740797.11,132.3
595195.809,6740873.96,133.1
595193.087,6740864.35,133.2
595190.349,6740854.68,133.3
595229.054,6740920.73,134.1
595222.706,6740913,134.2
595216.357,6740905.27,134.3
595273.736,6740962.49,135.1
595266.262,6740955.85,135.2
595258.788,6740949.22,135.3
595319.589,6741003.16,136.1
595312.106,6740996.53,136.2
595304.623,6740989.89,136.3
595361.12,6741042.01,137.1
595353.88,6741035.16,137.2
595346.599,6741028.28,137.3
595416.818,6741039.16,138.1
595406.972,6741041.14,138.2
595397.183,6741043.11,138.3
595476.402,6741027.26,139.1
595466.562,6741029.22,139.2
595456.782,6741031.17,139.3
595534.87,6741014.36,140.1
595525.156,6741016.54,140.2
595515.383,6741018.74,140.3
595576.143,6740984.07,141.1
595568.658,6740990.74,141.2
595561.211,6740997.38,141.3
595616.572,6740939.89,142.1
595609.992,6740947.38,142.2
595603.371,6740954.91,142.3
595657.2,6740892.28,143.1
595650.755,6740899.88,143.2
595644.27,6740907.52,143.3
595694.828,6740848.34,144.1
595688.343,6740855.9,144.2
595681.821,6740863.5,144.3
595713.054,6740791.31,145.1
595710.742,6740801.08,145.2
595708.443,6740810.79,145.3
595728.569,6740734.28,146.1
595725.878,6740743.92,146.2
595723.187,6740753.55,146.3
595740.535,6740676.13,147.1
595738.66,6740685.94,147.2
595736.774,6740695.81,147.3
595733.832,6740617.38,148.1
595735.565,6740627.26,148.2
595737.286,6740637.09,148.3
595722.813,6740558.82,149.1
595724.681,6740568.61,149.2
595726.561,6740578.47,149.3
595689.039,6740511.46,150.1
595695.495,6740519.05,150.2
595701.989,6740526.69,150.3
595649.068,6740466.5,151.1
595655.739,6740473.93,151.2
595662.41,6740481.37,151.3
595598.884,6740446.76,152.1
595608.512,6740449.48,152.2
595618.14,6740452.2,152.3
595538.968,6740446.04,153.1
595548.929,6740445.64,153.2
595558.95,6740445.24,153.3
595479.906,6740449.11,154.1
595489.892,6740448.57,154.2
595499.877,6740448.02,154.3
595429.768,6740478.7,155.1
595437.837,6740472.87,155.2
595445.955,6740466.99,155.3
595380.297,6740512.74,156.1
595388.588,6740507.09,156.2
595396.828,6740501.48,156.3
595332.841,6740549.55,157.1
595340.656,6740543.33,157.2
595348.518,6740537.08,157.3
596236.318,6740051.18,159.1
596239.241,6740060.82,159.2
596242.124,6740070.33,159.3
596218.835,6739993.52,160.1
596221.727,6740003.06,160.2
596224.637,6740012.65,160.3
596211.363,6739934.58,161.1
596212.28,6739944.5,161.2
596213.202,6739954.47,161.3
596207.434,6739874.01,162.1
596208.025,6739883.96,162.2
596208.62,6739893.97,162.3
596228.119,6739819.43,163.1
596223.817,6739828.44,163.2
596219.489,6739837.5,163.3
596255.996,6739765.84,164.1
596251.304,6739774.71,164.2
596246.639,6739783.53,164.3
596300.468,6739732.3,165.1
596292.003,6739737.56,165.2
596283.491,6739742.84,165.3
596356.584,6739708.25,166.1
596347.246,6739711.93,166.2
596337.964,6739715.59,166.3
596413.988,6739694.31,167.1
596404.248,6739696.39,167.2
596394.45,6739698.48,167.3
596475.147,6739689.78,168.1
596465.194,6739690.25,168.2
596455.18,6739690.73,168.3
596531.848,6739698.77,169.1
596522.013,6739696.78,169.2
596512.235,6739694.79,169.3
596581.897,6739732.33,170.1
596573.997,6739726.14,170.2
596566.145,6739719.98,170.3
596629.351,6739769.2,171.1
596621.459,6739763.08,171.2
596613.52,6739756.92,171.3
596660.642,6739814.09,172.1
596655.493,6739805.56,172.2
596650.315,6739796.98,172.3
596674.698,6739870.87,173.1
596672.88,6739861,173.2
596671.072,6739851.19,173.3
596683.526,6739930.31,174.1
596682.127,6739920.42,174.2
596680.72,6739910.47,174.3
596675.45,6739988.79,175.1
596677.366,6739978.96,175.2
596679.281,6739969.14,175.3
596648.473,6740039.21,176.1
596653.722,6740030.71,176.2
596658.971,6740022.21,176.3
596605.458,6740082,177.1
596612.831,6740075.31,177.2
596620.248,6740068.57,177.3
596554.204,6740110.02,178.1
596563.193,6740105.65,178.2
596572.183,6740101.29,178.3
596503.003,6740139.04,179.1
596511.609,6740134.02,179.2
596520.265,6740128.96,179.3
596449.974,6740147.72,180.1
596459.979,6740146.91,180.2
596469.931,6740146.09,180.3
596388.706,6740147.89,181.1
596398.711,6740148.02,181.2
596408.717,6740148.15,181.3
596330.441,6740150.81,182.1
596340.407,6740150.18,182.2
596350.432,6740149.55,182.3
596287.227,6740122,183.1
596294.692,6740128.61,183.2
596302.198,6740135.26,183.3
596253.915,6740072.8,184.1
596259.095,6740081.34,184.2
596264.306,6740089.93,184.3
595738.282,6740393.04,185.1
595730.635,6740399.46,185.2
595722.947,6740405.92,185.3
595808.584,6740333.99,186.1
595800.911,6740340.44,186.2
595793.308,6740346.82,186.3
595875.097,6740275.46,187.1
595867.593,6740282.1,187.2
595860.155,6740288.69,187.3
595947.717,6740223.27,188.1
595939.569,6740228.97,188.2
595931.346,6740234.72,188.3
596029.41,6740181.77,189.1
596020.412,6740186.15,189.2
596011.414,6740190.52,189.3
596109.737,6740144.32,190.1
596100.721,6740148.5,190.2
596091.623,6740152.72,190.3
596190.28,6740103.4,191.1
596181.43,6740107.94,191.2
596172.499,6740112.53,191.3
596270.417,6740064.51,192.1
596261.426,6740068.84,192.2
596252.355,6740073.21,192.3
596353.092,6740026.28,193.1
596344.057,6740030.43,193.2
596334.94,6740034.63,193.3
596434.488,6739989.3,194.1
596425.361,6739993.44,194.2
596416.316,6739997.54,194.3
596517.177,6739952.24,195.1
596507.992,6739956.35,195.2
596498.89,6739960.42,195.3
596597.543,6739913.78,196.1
596588.545,6739918.12,196.2
596579.546,6739922.46,196.3
596679.457,6739875.31,197.1
596670.353,6739879.57,197.2
596661.331,6739883.8,197.3
596761.241,6739838.1,198.1
596752.145,6739842.22,198.2
596743.05,6739846.35,198.3
596842.494,6739800.07,199.1
596833.393,6739804.35,199.2
596824.373,6739808.58,199.3
596925.152,6739762.23,200.1
596916.04,6739766.39,200.2
596907.012,6739770.51,200.3
597013.506,6739759.72,201.1
597003.5,6739759.52,201.2
596993.494,6739759.31,201.3
597102.535,6739764.26,202.1
597092.556,6739763.71,202.2
597082.578,6739763.17,202.3
597194.847,6739769.53,203.1
597184.867,6739768.96,203.2
597174.887,6739768.38,203.3
597283.904,6739774.23,204.1
597273.919,6739773.71,204.2
597263.934,6739773.19,204.3
597374.28,6739778.23,205.1
597364.242,6739777.8,205.2
597354.295,6739777.37,205.3
597463.789,6739784.2,206.1
597453.754,6739783.5,206.2
597443.809,6739782.81,206.3
597551.663,6739787.51,207.1
597541.713,6739787.18,207.2
597531.674,6739786.84,207.3
595692.879,6740438.43,208.1
595699.806,6740431.22,208.2
595706.733,6740424.02,208.3
595630.93,6740502.83,209.1
595637.878,6740495.6,209.2
595644.763,6740488.45,209.3
595569.568,6740570.54,210.1
595576.294,6740563.06,210.2
595582.958,6740555.65,210.3
595508.778,6740636.06,211.1
595515.551,6740628.78,211.2
595522.386,6740621.45,211.3
595447.087,6740701.47,212.1
595453.944,6740694.21,212.2
595460.801,6740686.95,212.3
595387.881,6740769.03,213.1
595394.425,6740761.49,213.2
595401.027,6740753.89,213.3
595323.831,6740832.39,214.1
595331.019,6740825.41,214.2
595338.143,6740818.49,214.3
595262.558,6740899.2,215.1
595269.25,6740891.8,215.2
595276.003,6740884.33,215.3
595199.224,6740964.2,216.1
595206.233,6740957.08,216.2
595213.241,6740949.95,216.3
595171.641,6741047.27,217.1
595174.242,6741037.67,217.2
595176.866,6741027.99,217.3
595152.394,6741134.58,218.1
595154.474,6741124.86,218.2
595156.573,6741115.06,218.3
595127.964,6741223.2,219.1
595130.674,6741213.64,219.2
595133.409,6741203.98,219.3
595142.717,6741291.03,220.1
595139.843,6741281.47,220.2
595136.949,6741271.84,220.3
595178.091,6741345.77,221.1
595172.259,6741337.66,221.2
595166.388,6741329.5,221.3
599740.337,6754759.93,223.1
599734.211,6754767.82,223.2
599728.045,6754775.76,223.3
599776.405,6754713.49,224.1
599770.265,6754721.4,224.2
599764.161,6754729.26,224.3
599811.424,6754666.02,225.1
599805.509,6754674.13,225.2
599799.629,6754682.18,225.3
599847.613,6754617.61,226.1
599841.617,6754625.59,226.2
599835.584,6754633.63,226.3
599882.588,6754568.53,227.1
599876.848,6754576.67,227.2
599871.073,6754584.86,227.3
599918.408,6754519.69,228.1
599912.464,6754527.73,228.2
599906.52,6754535.77,228.3
599952.933,6754471.53,229.1
599947.148,6754479.65,229.2
599941.329,6754487.82,229.3
599987.999,6754422.97,230.1
599982.128,6754431.08,230.2
599976.258,6754439.19,230.3
600023.292,6754374.16,231.1
600017.428,6754382.27,231.2
600011.565,6754390.38,231.3
600058.668,6754325.1,232.1
600052.829,6754333.2,232.2
600046.955,6754341.35,232.3
600093.67,6754276.43,233.1
600087.852,6754284.52,233.2
600081.998,6754292.67,233.3
600128.642,6754228.13,234.1
600122.79,6754236.2,234.2
600116.904,6754244.32,234.3
600164.084,6754179.17,235.1
600158.201,6754187.3,235.2
600152.354,6754195.38,235.3
600198.912,6754131.45,236.1
600193.011,6754139.52,236.2
600187.11,6754147.59,236.3
600234.246,6754082.58,237.1
600228.416,6754090.66,237.2
600222.551,6754098.79,237.3
600269.142,6754034.29,238.1
600263.308,6754042.36,238.2
600257.439,6754050.48,238.3
600482.816,6753938.4,240.1
600476.679,6753930.47,240.2
600470.574,6753922.58,240.3
600508.182,6753993.4,241.1
600504.399,6753984.15,241.2
600500.616,6753974.9,241.3
600531,6754048.77,242.1
600527.18,6754039.51,242.2
600523.381,6754030.31,242.3
600553.295,6754103.88,243.1
600549.56,6754094.61,243.2
600545.825,6754085.34,243.3
600575.876,6754160.44,244.1
600572.175,6754151.15,244.2
600568.473,6754141.86,244.3
600598.349,6754216.35,245.1
600594.631,6754207.12,245.2
600590.89,6754197.82,245.3
600620.378,6754271.68,246.1
600616.681,6754262.37,246.2
600613.005,6754253.12,246.3
600643.232,6754326.67,247.1
600639.382,6754317.49,247.2
600635.509,6754308.25,247.3
600587.025,6754469.76,249.1
600596.767,6754472.21,249.2
600606.45,6754474.64,249.3
600527.666,6754459.23,250.1
600537.506,6754460.84,250.2
600547.406,6754462.45,250.3
600468.76,6754448.71,251.1
600478.597,6754450.5,251.2
600488.433,6754452.29,251.3
600410.55,6754438.89,252.1
600420.458,6754440.54,252.2
600430.307,6754442.17,252.3
600351.172,6754428.61,253.1
600360.983,6754430.33,253.2
600370.853,6754432.05,253.3
600292.663,6754418.28,254.1
600302.496,6754420.02,254.2
600312.388,6754421.78,254.3
600233.571,6754408.47,255.1
600243.399,6754410.08,255.2
600253.286,6754411.7,255.3
600174.809,6754398.43,256.1
600184.631,6754400.12,256.2
600194.512,6754401.82,256.3
600114.36,6754388.03,257.1
600124.219,6754389.73,257.2
600134.079,6754391.42,257.3
600055.348,6754377.71,258.1
600065.155,6754379.43,258.2
600075.02,6754381.16,258.3
599996.559,6754367.74,259.1
600006.39,6754369.39,259.2
600016.281,6754371.06,259.3
599938.75,6754358.73,260.1
599948.646,6754360.24,260.2
599958.484,6754361.75,260.3
599878.882,6754347.14,261.1
599888.697,6754349.12,261.2
599898.452,6754351.08,261.3
599818.439,6754336.93,262.1
599828.311,6754338.53,262.2
599838.182,6754340.14,262.3
599759.449,6754327.09,263.1
599769.308,6754328.74,263.2
599779.167,6754330.39,263.3
599702.496,6754316.35,264.1
599712.347,6754318.25,264.2
599722.142,6754320.14,264.3
599641.79,6754306.14,265.1
599651.644,6754307.75,265.2
599661.558,6754309.37,265.3
599584.018,6754295.04,266.1
599593.786,6754296.98,266.2
599603.613,6754298.92,266.3
599528.985,6754355.63,267.1
599534.814,6754347.57,267.2
599540.695,6754339.43,267.3
599543.323,6754409.01,268.1
599539.259,6754399.92,268.2
599535.172,6754390.77,268.3
599568.55,6754467.75,269.1
599564.613,6754458.51,269.2
599560.701,6754449.34,269.3
599589.634,6754519.72,270.1
599585.911,6754510.44,270.2
599582.188,6754501.16,270.3
599613.563,6754576,271.1
599609.599,6754566.78,271.2
599605.659,6754557.61,271.3
599636.871,6754630.91,272.1
599632.96,6754621.67,272.2
599629.072,6754612.49,272.3
599660.962,6754686,273.1
599656.936,6754676.85,273.2
599652.91,6754667.7,273.3
599684.033,6754740.17,274.1
599680.15,6754730.99,274.2
599676.245,6754721.76,274.3
599707.891,6754795.16,275.1
599703.91,6754786.03,275.2
599699.905,6754776.84,275.3
599841.599,6754609.71,276.1
599849.607,6754615.7,276.2
599857.615,6754621.7,276.3
599794.292,6754574.28,277.1
599802.294,6754580.27,277.2
599810.296,6754586.26,277.3
599758.003,6754527.73,278.1
599763.721,6754535.93,278.2
599769.44,6754544.13,278.3
599733.591,6754472.91,279.1
599737.316,6754482.2,279.2
599741.041,6754491.49,279.3
599730.383,6754416.57,280.1
599730.273,6754426.56,280.2
599730.163,6754436.55,280.3
599741.027,6754357.29,281.1
599738.93,6754367.1,281.2
599736.846,6754376.85,281.3
599756.077,6754299.36,282.1
599753.475,6754309.03,282.2
599750.888,6754318.64,282.3
599773.462,6754241.78,283.1
599770.516,6754251.33,283.2
599767.57,6754260.87,283.3
599796.982,6754191.19,284.1
599792.515,6754200.1,284.2
599788.024,6754209.06,284.3
599849.283,6754165.53,285.1
599839.881,6754168.81,285.2
599830.423,6754172.12,285.3
599906.13,6754144.48,286.1
599896.755,6754147.99,286.2
599887.436,6754151.48,286.3
599958.617,6754116.88,287.1
599949.849,6754121.78,287.2
599941.134,6754126.65,287.3
600010.818,6754086.44,288.1
600002.163,6754091.53,288.2
599993.56,6754096.59,288.3
600064.431,6754061.81,289.1
600055.267,6754065.79,289.2
600046.102,6754069.78,289.3
600122.001,6754048.82,290.1
600112.203,6754050.64,290.2
600102.347,6754052.48,290.3
600181.473,6754037.22,291.1
600171.656,6754039.15,291.2
600161.84,6754041.08,291.3
600240.668,6754038.63,292.1
600230.685,6754037.95,292.2
600220.702,6754037.28,292.3
600300.511,6754046.1,293.1
600290.634,6754044.75,293.2
600280.698,6754043.4,293.3
600354.279,6754067.05,294.1
600345.162,6754062.97,294.2
600335.993,6754058.87,294.3
600405.377,6754098.7,295.1
600397.011,6754093.2,295.2
600388.645,6754087.71,295.3
600450.589,6754135.81,296.1
600443.024,6754129.32,296.2
600435.414,6754122.79,296.3
600476.698,6754188.95,297.1
600473.011,6754179.66,297.2
600469.325,6754170.37,297.3
600497.126,6754244.88,298.1
600493.761,6754235.5,298.2
600490.377,6754226.08,298.3
600508.969,6754303.46,299.1
600507.271,6754293.59,299.2
600505.583,6754283.79,299.3
600519.504,6754362.98,300.1
600517.745,6754353.1,300.2
600515.997,6754343.27,300.3
600507.875,6754420.68,301.1
600510.576,6754411.01,301.2
600513.262,6754401.4,301.3
600485.361,6754471.54,302.1
600489.69,6754462.53,302.2
600494.042,6754453.48,302.3
600435.885,6754502.77,303.1
600444.828,6754498.37,303.2
600453.825,6754493.94,303.3
600383.477,6754529.65,304.1
600392.326,6754525.07,304.2
600401.228,6754520.47,304.3
600328.082,6754553.97,305.1
600337.28,6754550.07,305.2
600346.478,6754546.17,305.3
600271.628,6754575.89,306.1
600280.977,6754572.32,306.2
600290.326,6754568.76,306.3
600215.109,6754596.42,307.1
600224.509,6754593.04,307.2
600233.909,6754589.66,307.3
600161.55,6754615.46,308.1
600170.94,6754612.13,308.2
600180.383,6754608.78,308.3
600104.504,6754633.79,309.1
600114.002,6754630.8,309.2
600123.556,6754627.8,309.3
600046.512,6754645.63,310.1
600056.316,6754643.84,310.2
600066.179,6754642.05,310.3
599986.889,6754640.64,311.1
599996.805,6754641.99,311.2
600006.721,6754643.34,311.3
599926.75,6754630.32,312.1
599936.554,6754632.07,312.2
599946.418,6754633.83,312.3
599869.228,6754615.54,313.1
599878.863,6754618.17,313.2
599888.555,6754620.82,313.3
601033.067,6753853.64,314.1
601041.155,6753847.76,314.2
601049.243,6753841.88,314.3
600984.5,6753888.94,315.1
600992.615,6753883.04,315.2
601000.682,6753877.17,315.3
600936.018,6753923.72,316.1
600944.179,6753917.88,316.2
600952.291,6753912.07,316.3
600887.205,6753958.85,317.1
600895.316,6753953.01,317.2
600903.427,6753947.16,317.3
600838.935,6753994.09,318.1
600846.996,6753988.19,318.2
600855.105,6753982.26,318.3
600789.677,6754029.25,319.1
600797.828,6754023.46,319.2
600805.978,6754017.67,319.3
600741.13,6754064.93,320.1
600749.18,6754058.97,320.2
600757.182,6754053.05,320.3
600687.831,6754094.28,321.1
600696.718,6754089.69,321.2
600705.605,6754085.09,321.3
600633.498,6754116.55,322.1
600642.818,6754112.93,322.2
600652.137,6754109.3,322.3
600577.741,6754138.53,323.1
600587.007,6754134.87,323.2
600596.328,6754131.19,323.3
600522.722,6754160.56,324.1
600531.971,6754156.85,324.2
600541.276,6754153.11,324.3
600466.735,6754182.95,325.1
600475.981,6754179.26,325.2
600485.284,6754175.54,325.3
600410.377,6754205.44,326.1
600419.63,6754201.75,326.2
600428.939,6754198.04,326.3
600355.758,6754226.92,327.1
600365.104,6754223.25,327.2
600374.396,6754219.61,327.3
600299.916,6754249.32,328.1
600309.193,6754245.58,328.2
600318.469,6754241.84,328.3
600244.085,6754270.87,329.1
600253.43,6754267.29,329.2
600262.774,6754263.72,329.3
600187.688,6754293.21,330.1
600196.941,6754289.52,330.2
600206.25,6754285.81,330.3
600131.261,6754315.9,331.1
600140.572,6754312.15,331.2
600149.826,6754308.42,331.3
600074.79,6754337.83,332.1
600084.131,6754334.23,332.2
600093.416,6754330.65,332.3
600019.405,6754360.37,333.1
600028.647,6754356.57,333.2
600037.889,6754352.77,333.3
599966.304,6754381.51,334.1
599975.566,6754377.85,334.2
599984.881,6754374.17,334.3
599907.569,6754404.54,335.1
599916.912,6754400.88,335.2
599926.197,6754397.25,335.3
599853.66,6754426.38,336.1
599862.887,6754422.62,336.2
599872.168,6754418.83,336.3
599798.243,6754449.29,337.1
599807.448,6754445.48,337.2
599816.708,6754441.64,337.3
599740.893,6754469.76,338.1
599750.338,6754466.49,338.2
599759.783,6754463.23,338.3
599684.457,6754492.57,339.1
599693.686,6754488.73,339.2
599702.916,6754484.89,339.3
599629.22,6754514.59,340.1
599638.521,6754510.91,340.2
599647.822,6754507.24,340.3
599574.818,6754536.97,341.1
599584.067,6754533.13,341.2
599593.261,6754529.32,341.3
599517.875,6754559.34,342.1
599527.231,6754555.7,342.2
599536.531,6754552.09,342.3
599464.316,6754580.02,343.1
599473.651,6754576.42,343.2
599482.986,6754572.82,343.3
601338.417,6754136.42,344.1
601343.902,6754144.84,344.2
601349.348,6754153.2,344.3
601294.264,6754068.61,345.1
601299.743,6754077.02,345.2
601305.178,6754085.37,345.3
601245.765,6754001.54,346.1
601251.65,6754009.57,346.2
601257.585,6754017.66,346.3
601198.9,6753935.02,347.1
601204.647,6753943.22,347.2
601210.347,6753951.36,347.3
601144.963,6753869.07,348.1
601151.41,6753876.8,348.2
601157.802,6753884.46,348.3
601091.642,6753805.81,349.1
601098.056,6753813.41,349.2
601104.523,6753821.07,349.3
601037.282,6753742.21,350.1
601043.813,6753749.84,350.2
601050.29,6753757.4,350.3
600979.296,6753681.44,351.1
600986.262,6753688.63,351.2
600993.227,6753695.83,351.3
600921.847,6753614.96,352.1
600928.293,6753622.53,352.2
600934.796,6753630.17,352.3
600870.583,6753555.09,353.1
600877.102,6753562.7,353.2
600883.57,6753570.24,353.3
600814.99,6753504.01,354.1
600822.518,6753510.68,354.2
600829.99,6753517.3,354.3
598800.527,6755262.94,355.1
598794.441,6755270.93,355.2
598788.395,6755278.86,355.3
598835.882,6755216.58,356.1
598829.793,6755224.56,356.2
598823.741,6755232.5,356.3
598872.714,6755168.89,357.1
598866.617,6755176.76,357.2
598860.483,6755184.68,357.3
598909.655,6755128.47,358.1
598902.754,6755135.75,358.2
598895.892,6755142.99,358.3
598952.862,6755103.3,359.1
598943.923,6755107.71,359.2
598934.939,6755112.14,359.3
598994.249,6755086.89,360.1
598984.842,6755090.36,360.2
598975.476,6755093.83,360.3
599049.18,6755057.27,361.1
599040.545,6755062.23,361.2
599031.856,6755067.22,361.3
599094.633,6755029.04,362.1
599086.212,6755034.36,362.2
599077.745,6755039.72,362.3
599154.379,6754986.41,363.1
599146.298,6754992.29,363.2
599138.217,6754998.16,363.3
599213.235,6754941.67,364.1
599205.301,6754947.74,364.2
599197.368,6754953.82,364.3
599267.127,6754893.9,365.1
599259.752,6754900.59,365.2
599252.324,6754907.33,365.3
599320.035,6754842.9,366.1
599312.868,6754849.87,366.2
599305.7,6754856.85,366.3
599374.391,6754790.14,367.1
599367.207,6754797.11,367.2
599360.022,6754804.08,367.3
599428.131,6754735.32,368.1
599421.167,6754742.48,368.2
599414.149,6754749.69,368.3
599478.528,6754680.26,369.1
599471.8,6754687.68,369.2
599465.122,6754695.05,369.3
599529.346,6754626.75,370.1
599522.406,6754634.01,370.2
599515.517,6754641.21,370.3
599341.306,6755077.03,371.1
599349.113,6755083.27,371.2
599323.256,6755062.59,372.1
599331.077,6755068.85,372.2
599299.494,6755047.4,373.1
599308.214,6755052.29,373.2
599268.793,6755029.57,374.1
599277.426,6755034.65,374.2
599242.586,6755012.81,375.1
599250.921,6755018.34,375.2
599217.625,6754996.68,376.1
599226.076,6755002.07,376.2
599192.928,6754979.97,377.1
599201.137,6754985.7,377.2
599168.447,6754964.05,378.1
599176.917,6754969.36,378.2
599089.582,6755051.7,379.1
599095.627,6755043.72,379.2
599092.58,6755074.42,380.1
599087.352,6755065.9,380.2
599108.634,6755103.29,381.1
599103.928,6755094.44,381.2
599116.676,6755129.95,382.1
599114.829,6755120.12,382.2
599116.043,6755158.07,383.1
599117.387,6755148.16,383.2
599111.924,6755189.25,384.1
599113.216,6755179.35,384.2
599107.919,6755217.7,385.1
599109.367,6755207.8,385.2
599103.463,6755246.8,386.1
599105.012,6755236.9,386.2
599095.614,6755275.86,387.1
599098.728,6755266.38,387.2
599079.413,6755299.91,388.1
599086.1,6755292.48,388.2
599057.716,6755321.12,389.1
599065.087,6755314.35,389.2
599035.951,6755343.19,390.1
599042.797,6755335.91,390.2
599015.767,6755364.32,391.1
599022.69,6755357.13,391.2
598994.499,6755386.18,392.1
599001.48,6755379.04,392.2
598972.036,6755407.73,393.1
598979.356,6755400.91,393.2
598950.228,6755428.69,394.1
598957.396,6755421.69,394.2
598930.46,6755447.97,395.1
598937.612,6755441,395.2
598907.701,6755469.91,396.1
598914.913,6755462.99,396.2
598894.002,6755483.32,397.1
598900.49,6755476.83,397.2
598867.309,6755491.54,398.1
598877.298,6755490.95,398.2
598836.9,6755494.26,399.1
598846.867,6755493.21,399.2
598808.443,6755497.46,400.1
598818.358,6755496.3,400.2
598778.073,6755503.26,401.1
598787.832,6755501.04,401.2
598749.248,6755499.98,402.1
598758.838,6755502.74,402.2
598720.201,6755490.14,403.1
598729.583,6755493.55,403.2
598689.622,6755482.39,404.1
598699.416,6755484.39,404.2
598664.706,6755473.43,405.1
598673.794,6755477.61,405.2
598638.2,6755461.91,406.1
598647.402,6755465.79,406.2
598640.211,6755543.2,407.1
598638.905,6755533.3,407.2
598660.343,6755558.71,408.1
598650.76,6755555.86,408.2
598689.603,6755572.13,409.1
598680.791,6755567.4,409.2
598717.95,6755584.41,410.1
598708.645,6755580.81,410.2
598745.792,6755594.67,411.1
598736.399,6755591.29,411.2
598774.503,6755605.11,412.1
598765.117,6755601.67,412.2
598802.458,6755616.43,413.1
598793.257,6755612.52,413.2
598830.589,6755580.97,414.1
598826.258,6755589.98,414.2
598834.289,6755551.05,415.1
598834.591,6755561.04,415.2
598833.521,6755522.05,416.1
598833.767,6755532.07,416.2
598835.226,6755491.69,417.1
598834.276,6755501.62,417.2
598838.658,6755461.12,418.1
598837.467,6755471.03,418.2
598836.009,6755431.3,419.1
598837.911,6755441.14,419.2
598834.801,6755401.97,420.1
598834.448,6755411.99,420.2
598835.208,6755371.69,421.1
598835.181,6755381.67,421.2
598835.546,6755342.82,422.1
598835.382,6755352.82,422.2
598835.004,6755312.72,423.1
598835.355,6755322.7,423.2
598833.881,6755280.92,424.1
598834.235,6755290.91,424.2
598832.709,6755251.12,425.1
598833.122,6755261.11,425.2
598834.327,6755221.31,426.1
598833.31,6755231.24,426.2
598835.076,6755197.05,427.1
598835.266,6755207.05,427.2
598783.77,6755281.47,428.1
598788.523,6755272.69,428.2
598797.897,6755283.33,429.1
598788.527,6755286.77,429.2
598824.394,6755275.82,430.1
598814.65,6755278.14,430.2
598854.803,6755265.07,431.1
598845.536,6755268.85,431.2
598882.982,6755255.92,432.1
598873.383,6755258.65,432.2
598910.729,6755246.33,433.1
598901.381,6755249.86,433.2
598941.603,6755236.86,434.1
598931.963,6755239.52,434.2
598966.876,6755227.84,435.1
598957.625,6755231.6,435.2
598997.226,6755216.97,436.1
598987.744,6755220.17,436.2
599025.293,6755208.04,437.1
599015.719,6755211,437.2
599053.282,6755197.9,438.1
599043.949,6755201.54,438.2
599082.078,6755187.7,439.1
599072.622,6755190.89,439.2
599110.454,6755174.8,440.1
599101.578,6755179.36,440.2
599138.02,6755167.25,441.1
599128.16,6755168.82,441.2
599166.417,6755157.63,442.1
599157.246,6755161.62,442.2
599194.506,6755147.34,443.1
599185.033,6755150.49,443.2
599224.527,6755135.28,444.1
599215.368,6755139.25,444.2
599252.406,6755128.76,445.1
599242.503,6755130.11,445.2
599281.059,6755120.67,446.1
599271.67,6755124.05,446.2
599310.133,6755109.51,447.1
599300.856,6755113.18,447.2
599335.395,6755098.55,448.1
599326.314,6755102.69,448.2
599353.635,6755089.28,449.1
599344.895,6755094.17,449.2
599068.034,6754899,451.1
599076.094,6754904.91,451.2
599042.131,6754882.76,452.1
599050.801,6754887.78,452.2
599015.484,6754866,453.1
599023.853,6754871.46,453.2
598990.465,6754850.98,454.1
598999.132,6754855.95,454.2
598965.382,6754835.21,455.1
598973.739,6754840.7,455.2
598940.994,6754820.12,456.1
598949.588,6754825.26,456.2
598918.119,6754802.72,457.1
598925.72,6754809.24,457.2
598890.646,6754787.5,458.1
598899.807,6754791.51,458.2
598971.391,6754987.14,460.1
598980.855,6754990.43,460.2
598947.395,6754977,461.1
598956.424,6754981.26,461.2
598913.848,6754974.42,462.1
598923.818,6754973.73,462.2
598884.904,6754979.37,463.1
598894.679,6754977.17,463.2
598853.329,6754986.66,464.1
598863.059,6754984.38,464.2
598827.588,6754994.37,465.1
598837.072,6754991.14,465.2
598797.861,6755003.76,466.1
598807.443,6755000.84,466.2
598771.013,6755014.59,467.1
598780.123,6755010.42,467.2
598742.792,6755027.43,468.1
598751.894,6755023.3,468.2
598718.13,6755039.64,469.1
598726.986,6755035.04,469.2
598695.59,6755062.45,470.1
598701.593,6755054.46,470.2
598674.431,6755083.48,471.1
598682.008,6755076.97,471.2
598652.791,6755105.34,472.1
598659.561,6755097.95,472.2
598637.316,6755125.64,473.1
598642.904,6755117.36,473.2
598618.824,6755153.78,474.1
598624.265,6755145.41,474.2
598602.609,6755180.71,475.1
598607.632,6755172.05,475.2
598589.278,6755206.75,476.1
598593.596,6755197.72,476.2
598579.239,6755233.94,477.1
598582.241,6755224.42,477.2
598574.629,6755265.01,478.1
598575.371,6755255.02,478.2
598569.109,6755294.14,479.1
598571.525,6755284.45,479.2
598560.37,6755323.81,480.1
598563.388,6755314.28,480.2
598563.805,6755354.16,481.1
598560.837,6755344.59,481.2
598576.135,6755388.15,482.1
598572.557,6755378.81,482.2
598508.414,6755487.05,483.1
598514.698,6755479.16,483.2
598485.365,6755487.14,484.1
598494.474,6755491.31,484.2
598456.956,6755475.93,485.1
598466.332,6755479.36,485.2
598428.111,6755465.04,486.1
598437.443,6755468.62,486.2
598400.27,6755453.72,487.1
598409.511,6755457.58,487.2
598373.198,6755442.86,488.1
598382.521,6755446.52,488.2
598374.644,6755431.13,489.1
598366.639,6755437.15,489.2
598400.319,6755417.62,490.1
598391.111,6755421.53,490.2
598427.65,6755407.57,491.1
598418.202,6755410.77,491.2
598457.223,6755398.11,492.1
598447.694,6755401.07,492.2
598485.563,6755388.77,493.1
598476.088,6755391.98,493.2
598519.059,6755377.26,494.1
598509.611,6755380.52,494.2
598545.444,6755368.48,495.1
598535.943,6755371.57,495.2
598570.171,6755360.02,496.1
598560.744,6755363.33,496.2
598597.365,6755350.8,497.1
598587.895,6755353.95,497.2
598627.643,6755342.14,498.1
598617.984,6755344.7,498.2
598657.728,6755328.2,499.1
598648.974,6755333.07,499.2
598686.373,6755317.65,500.1
598676.738,6755320.4,500.2
598713.75,6755282.92,501.1
598708.883,6755291.68,501.2
598745.96,6755245.31,502.1
598739.101,6755252.55,502.2
598791.008,6755212.57,503.1
598782.679,6755218.13,503.2
598826.136,6755175.11,504.1
598819.685,6755182.79,504.2
598834.514,6755160.43,505.1
598832.553,6755167.48,505.2
598836.446,6755131.09,506.1
598836.827,6755141.1,506.2
598836.02,6755102.57,507.1
598836.045,6755112.57,507.2
598837.007,6755071.96,508.1
598836.517,6755081.95,508.2
598836.638,6755042.85,509.1
598837.086,6755052.82,509.2
598836.054,6755010.96,510.1
598836.115,6755020.98,510.2
598836.339,6754982.11,511.1
598836.155,6754992.11,511.2
598836.062,6754952.47,512.1
598836.296,6754962.47,512.2
598836.153,6754921.62,513.1
598835.997,6754931.59,513.2
598837.978,6754891.01,514.1
598837.172,6754900.96,514.2
598838.143,6754861.81,515.1
598838.478,6754871.78,515.2
598839.521,6754831.87,516.1
598838.665,6754841.84,516.2
598859.281,6754808.32,517.1
598851.141,6754814.17,517.2
598880.615,6754792.74,518.1
598872.568,6754798.67,518.2
599111.723,6754559.4,519.1
599104.836,6754552.15,519.2
599151.43,6754601.2,520.1
599144.516,6754593.92,520.2
599203.781,6754640.18,521.1
599195.61,6754634.48,521.2
599241.427,6754685.26,522.1
599235.436,6754677.25,522.2
599285.626,6754726.34,523.1
599278.067,6754719.8,523.2
599325.123,6754768.33,524.1
599318.434,6754760.91,524.2
599369.03,6754812.04,525.1
599361.88,6754805.07,525.2
599412.743,6754854.22,526.1
599405.518,6754847.26,526.2
599457.397,6754894.61,527.1
599449.929,6754887.94,527.2
599500.118,6754935.01,528.1
599492.888,6754928.09,528.2
604116.412,6763321.44,530.1
604115.887,6763331.44,530.2
604115.366,6763341.38,530.3
604129.648,6763262.17,531.1
604127.151,6763271.85,531.2
604124.654,6763281.53,531.3
604145.062,6763204.24,532.1
604142.485,6763213.87,532.2
604139.892,6763223.55,532.3
604166.642,6763149.03,533.1
604162.781,6763158.29,533.2
604158.942,6763167.49,533.3
604197.813,6763098.13,534.1
604192.326,6763106.5,534.2
604186.84,6763114.87,534.3
604230.986,6763047.73,535.1
604225.502,6763056.05,535.2
604219.984,6763064.43,535.3
604267.503,6763004.46,536.1
604260.836,6763011.96,536.2
604254.207,6763019.43,536.3
604322.391,6762984.22,537.1
604312.762,6762986.77,537.2
604303.076,6762989.33,537.3
604381.278,6762969.99,538.1
604371.544,6762972.29,538.2
604361.81,6762974.6,538.3
604440.028,6762964.95,539.1
604430.047,6762965.51,539.2
604420.067,6762966.06,539.3
604499.168,6762969.56,540.1
604489.229,6762968.51,540.2
604479.291,6762967.47,540.3
604558.508,6762975.12,541.1
604548.58,6762974.21,541.2
604538.593,6762973.3,541.3
604608.978,6763001.18,542.1
604600.45,6762995.89,542.2
604591.971,6762990.62,542.3
604653.892,6763041.48,543.1
604646.684,6763034.55,543.2
604639.475,6763027.62,543.3
604695.989,6763082.37,544.1
604688.793,6763075.36,544.2
604681.638,6763068.4,544.3
604745.24,6763120.03,545.1
604737.152,6763114.13,545.2
604729.065,6763108.23,545.3
604794.026,6763153.52,546.1
604785.739,6763147.9,546.2
604777.502,6763142.32,546.3
604842.488,6763187.86,547.1
604834.317,6763182.02,547.2
604826.195,6763176.21,547.3
604877.032,6763230.63,548.1
604871.225,6763222.51,548.2
604865.385,6763214.34,548.3
604890.446,6763288.23,549.1
604888.921,6763278.31,549.2
604887.405,6763268.45,549.3
604898.843,6763346.72,550.1
604897.442,6763336.82,550.2
604896.041,6763326.92,550.3
604895.774,6763403.56,551.1
604896.723,6763393.59,551.2
604897.667,6763383.68,551.3
604866.91,6763455.35,552.1
604872.44,6763447.07,552.2
604878.002,6763438.73,552.3
604835.071,6763505.04,553.1
604840.453,6763496.57,553.2
604845.803,6763488.15,553.3
604801.503,6763555,554.1
604807.126,6763546.72,554.2
604812.75,6763538.44,554.3
604765.27,6763604.25,555.1
604771.275,6763596.21,555.2
604777.243,6763588.22,555.3
604729.898,6763651.97,556.1
604735.842,6763643.94,556.2
604741.787,6763635.91,556.3
604694.052,6763700.48,557.1
604699.975,6763692.46,557.2
604705.933,6763684.4,557.3
604656.622,6763727.23,558.1
604665.242,6763722.11,558.2
604673.821,6763717.01,558.3
604598.685,6763735.78,559.1
604608.663,6763735.08,559.2
604618.642,6763734.38,559.3
604538.807,6763740.4,560.1
604548.811,6763739.61,560.2
604558.755,6763738.83,560.3
604478.368,6763745.08,561.1
604488.298,6763744.31,561.2
604498.288,6763743.54,561.3
604420.706,6763737.71,562.1
604430.551,6763739.39,562.2
604440.454,6763741.08,562.3
604364.632,6763719.19,563.1
604373.989,6763722.6,563.2
604383.402,6763726.03,563.3
604309.05,6763698.09,564.1
604318.384,6763701.66,564.2
604327.718,6763705.24,564.3
604257.849,6763668.56,565.1
604266.324,6763673.82,565.2
604274.848,6763679.1,565.3
604223.029,6763621.68,566.1
604228.351,6763630.1,566.2
604233.705,6763638.57,566.3
604189.559,6763571.67,567.1
604195.162,6763579.95,567.2
604200.764,6763588.22,567.3
604154.808,6763521.97,568.1
604160.54,6763530.11,568.2
604166.307,6763538.31,568.3
604137.649,6763466.94,569.1
604140.004,6763476.62,569.2
604142.374,6763486.36,569.3
604122.562,6763407.4,570.1
604125.026,6763417.05,570.2
604127.506,6763426.76,570.3
604120.082,6763397.69,5710.1
604120.082,6763397.69,5710.2
604120.082,6763397.69,5710.3
604151.838,6763398.69,571.1
604141.908,6763399.81,571.2
604131.938,6763400.93,571.3
604208.444,6763392.33,572.1
604198.474,6763393.45,572.2
604188.561,6763394.56,572.3
604268.189,6763385.06,573.1
604258.259,6763386.29,573.2
604248.328,6763387.52,573.3
604327.038,6763378.24,574.1
604317.136,6763379.37,574.2
604307.176,6763380.51,574.3
604387.245,6763371.14,575.1
604377.304,6763372.32,575.2
604367.423,6763373.49,575.3
604447.14,6763364.18,576.1
604437.245,6763365.33,576.2
604427.29,6763366.48,576.3
604506.221,6763356.88,577.1
604496.289,6763358.12,577.2
604486.358,6763359.37,577.3
604567.028,6763349.3,578.1
604557.109,6763350.54,578.2
604547.189,6763351.77,578.3
604626.013,6763342.56,579.1
604616.035,6763343.68,579.2
604606.116,6763344.8,579.3
604685.062,6763335.21,580.1
604675.13,6763336.47,580.2
604665.256,6763337.73,580.3
604744.46,6763327.52,581.1
604734.531,6763328.81,581.2
604724.661,6763330.09,581.3
604803.167,6763320.82,582.1
604793.235,6763321.92,582.2
604783.303,6763323.02,582.3
604863.772,6763313.76,583.1
604853.88,6763314.92,583.2
604843.927,6763316.09,583.3
604922.851,6763306.45,584.1
604912.919,6763307.69,584.2
604902.988,6763308.93,584.3
604982.902,6763299.06,585.1
604972.986,6763300.28,585.2
604963.01,6763301.5,585.3
605042.259,6763292.26,586.1
605032.335,6763293.38,586.2
605022.352,6763294.51,586.3
605101.56,6763284.71,587.1
605091.649,6763286,587.2
605081.738,6763287.29,587.3
605118.782,6763238.74,588.1
605117.173,6763248.57,588.2
605115.555,6763258.46,588.3
605081.105,6763195.88,589.1
605088.767,6763202.31,589.2
605096.428,6763208.74,589.3
605037.36,6763154.97,590.1
605044.56,6763161.85,590.2
605051.802,6763168.77,590.3
604994.496,6763113.11,591.1
605001.646,6763120.13,591.2
605008.753,6763127.1,591.3
604950.742,6763070.93,592.1
604957.975,6763077.88,592.2
604965.164,6763084.79,592.3
604907.238,6763029.72,593.1
604914.483,6763036.56,593.2
604921.772,6763043.44,593.3
604864.77,6762988.13,594.1
604871.882,6762995.15,594.2
604879.036,6763002.2,594.3
604821.27,6762946.08,595.1
604828.469,6762953.01,595.2
604835.668,6762959.95,595.3
604777.758,6762904.71,596.1
604785.038,6762911.62,596.2
604792.274,6762918.48,596.3
604734.355,6762862.95,597.1
604741.519,6762869.87,597.2
604748.726,6762876.82,597.3
604692.012,6762821.22,598.1
604699.115,6762828.25,598.2
604706.218,6762835.28,598.3
604648.367,6762779.75,599.1
604655.649,6762786.61,599.2
604662.931,6762793.48,599.3
604606.002,6762737.82,600.1
604613.053,6762744.87,600.2
604620.145,6762751.96,600.3
604562.517,6762695.71,601.1
604569.717,6762702.64,601.2
604576.917,6762709.57,601.3
604519.928,6762654.76,602.1
604527.133,6762661.69,602.2
604534.339,6762668.61,602.3
604490.268,6762661.29,603.1
604498.84,6762656.15,603.2
604507.442,6762651,603.3
604479.792,6762712.77,604.1
604480.202,6762702.79,604.2
604480.614,6762692.76,604.3
604480.076,6762770.6,605.1
604479.931,6762760.64,605.2
604479.786,6762750.61,605.3
604481.857,6762833.08,606.1
604481.545,6762823.08,606.2
604481.233,6762813.07,606.3
604482.947,6762893.29,607.1
604482.792,6762883.28,607.2
604482.637,6762873.28,607.3
604485.601,6762953.27,608.1
604485.1,6762943.25,608.2
604484.602,6762933.29,608.3
604485.702,6763013.4,609.1
604485.781,6763003.41,609.2
604485.86,6762993.41,609.3
604487.452,6763072.87,610.1
604487.082,6763062.87,610.2
604486.712,6763052.87,610.3
604488.816,6763133.42,611.1
604488.619,6763123.42,611.2
604488.422,6763113.42,611.3
604490.259,6763192.78,612.1
604490.006,6763182.74,612.2
604489.754,6763172.76,612.3
604492.515,6763252.56,613.1
604492.113,6763242.56,613.2
604491.711,6763232.56,613.3
604493.639,6763313.1,614.1
604493.496,6763303.1,614.2
604493.353,6763293.1,614.3
604495.841,6763374.95,615.1
604495.443,6763364.93,615.2
604495.047,6763354.97,615.3
604496.037,6763432.64,616.1
604496.079,6763422.64,616.2
604496.121,6763412.65,616.3
604496.534,6763493.42,617.1
604496.427,6763483.38,617.2
604496.321,6763473.41,617.3
604498.473,6763552.52,618.1
604498.1,6763542.52,618.2
604497.729,6763532.57,618.3
604499.837,6763613.17,619.1
604499.643,6763603.21,619.2
604499.447,6763593.19,619.3
604500.979,6763673.83,620.1
604500.793,6763663.88,620.2
604500.606,6763653.86,620.3
604501.91,6763733.53,621.1
604501.76,6763723.5,621.2
604501.61,6763713.53,621.3
604503.61,6763793.3,622.1
604503.299,6763783.3,622.2
604502.987,6763773.31,622.3
604504.749,6763853.07,623.1
604504.583,6763843.08,623.2
604504.417,6763833.08,623.3
604505.915,6763913.51,624.1
604505.716,6763903.47,624.2
604505.519,6763893.49,624.3
604508.868,6763974.01,625.1
604508.323,6763964.02,625.2
604507.778,6763954.02,625.3
604508.458,6764031.47,626.1
604508.66,6764021.46,626.2
604508.86,6764011.5,626.3
604509.472,6764060.84,627.1
604508.847,6764050.88,627.2
604508.257,6764041.48,627.3
604497.981,6764090.65,628.1
604503.189,6764082.13,628.2
604508.415,6764073.59,628.3
604455.068,6764062.38,629.1
604462.246,6764069.39,629.2
604469.38,6764076.36,629.3
604409.412,6764022.64,630.1
604417.033,6764029.12,630.2
604424.655,6764035.61,630.3
604363.769,6763983.25,631.1
604371.301,6763989.77,631.2
604378.878,6763996.33,631.3
604318.423,6763944.53,632.1
604326.013,6763950.99,632.2
604333.649,6763957.5,632.3
604272.724,6763904.9,633.1
604280.3,6763911.5,633.2
604287.831,6763918.05,633.3
604227.105,6763866.13,634.1
604234.75,6763872.6,634.2
604242.35,6763879.03,634.3
604181.883,6763827,635.1
604189.426,6763833.56,635.2
604196.968,6763840.12,635.3
604136.221,6763787.63,636.1
604143.772,6763794.13,636.2
604151.368,6763800.67,636.3
604090.571,6763749.16,637.1
604098.255,6763755.61,637.2
604105.893,6763762.02,637.3
604045.845,6763710.24,638.1
604053.387,6763716.85,638.2
604060.885,6763723.42,638.3
604000.222,6763670.95,639.1
604007.82,6763677.47,639.2
604015.371,6763683.95,639.3
603953.914,6763631.53,640.1
603961.564,6763638.03,640.2
603969.167,6763644.49,640.3
603908.273,6763592.45,641.1
603915.853,6763598.95,641.2
603923.479,6763605.49,641.3
603864.042,6763553.7,642.1
603871.558,6763560.32,642.2
603879.03,6763566.89,642.3
603818.258,6763514.66,643.1
603825.884,6763521.12,643.2
603833.51,6763527.58,643.3
603773.148,6763475.03,644.1
603780.663,6763481.68,644.2
603788.132,6763488.29,644.3
603794.299,6763449.03,645.1
603786.026,6763454.64,645.2
603777.754,6763460.24,645.3
603850.895,6763435.97,646.1
603841.044,6763437.49,646.2
603831.134,6763439.02,646.3
603910.494,6763428.46,647.1
603900.533,6763429.66,647.2
603890.63,6763430.85,647.3
603970.423,6763421.01,648.1
603960.466,6763422.26,648.2
603950.568,6763423.49,648.3
604028.811,6763414.35,649.1
604018.867,6763415.47,649.2
604008.923,6763416.58,649.3
604089.596,6763406.62,650.1
604079.683,6763407.91,650.2
604069.77,6763409.2,650.3
603447.861,6763649.53,660.1
603440.173,6763643.08,660.2
603432.526,6763636.67,660.3
603495.081,6763689.13,661.1
603487.422,6763682.7,661.2
603479.763,6763676.28,661.3
603537.711,6763730,662.1
603530.591,6763722.98,662.2
603523.47,6763715.97,662.3
603582.596,6763769.67,663.1
603575.062,6763763.15,663.2
603567.481,6763756.6,663.3
603626.975,6763809.6,664.1
603619.545,6763802.86,664.2
603612.158,6763796.16,664.3
603671.823,6763850.15,665.1
603664.411,6763843.46,665.2
603656.955,6763836.72,665.3
603717.498,6763891.08,666.1
603710.037,6763884.4,666.2
603702.577,6763877.73,666.3
603761.637,6763930.49,667.1
603754.168,6763923.82,667.2
603746.744,6763917.2,667.3
603806.615,6763970.82,668.1
603799.149,6763964.12,668.2
603791.728,6763957.46,668.3
603850.749,6764010.54,669.1
603843.327,6764003.86,669.2
603835.86,6763997.14,669.3
603895.897,6764051.09,670.1
603888.478,6764044.43,670.2
603881.015,6764037.73,670.3
603939.91,6764090.21,671.1
603932.459,6764083.6,671.2
603924.964,6764076.95,671.3
603984.906,6764130.7,672.1
603977.487,6764124,672.2
603970.067,6764117.31,672.3
604029.33,6764171.1,673.1
604021.911,6764164.35,673.2
604014.537,6764157.63,673.3
604074.087,6764210.94,674.1
604066.628,6764204.33,674.2
604059.125,6764197.69,674.3
604118.157,6764250.83,675.1
604110.765,6764244.11,675.2
604103.372,6764237.39,675.3
604162.787,6764290.99,676.1
604155.322,6764284.29,676.2
604147.901,6764277.63,676.3
604185.061,6764311.71,677.1
604177.8,6764304.84,677.2
604170.54,6764297.97,677.3
603854.387,6763980.3,678.1
603847.139,6763987.14,678.2
603839.852,6763994.02,678.3
603896.968,6763940.09,679.1
603889.722,6763946.93,679.2
603882.433,6763953.81,679.3
603941.25,6763898.06,680.1
603934.028,6763904.92,680.2
603926.763,6763911.82,680.3
603992.267,6763849.6,681.1
603985.018,6763856.49,681.2
603977.768,6763863.37,681.3
604034.801,6763807.88,682.1
604027.71,6763814.88,682.2
604020.577,6763821.92,682.3
604077.99,6763765.52,683.1
604070.814,6763772.55,683.2
604063.68,6763779.54,683.3
604120.455,6763723.56,684.1
604113.321,6763730.62,684.2
604106.229,6763737.64,684.3
604162.472,6763681.68,685.1
604155.369,6763688.77,685.2
604148.308,6763695.82,685.3
604206.186,6763638.97,686.1
604198.996,6763645.97,686.2
604191.849,6763652.92,686.3
604248.488,6763597.09,687.1
604241.423,6763604.11,687.2
604234.316,6763611.17,687.3
604290.662,6763555.18,688.1
604283.573,6763562.22,688.2
604276.484,6763569.27,688.3
604333.582,6763513.04,689.1
604326.442,6763520.03,689.2
604319.302,6763527.03,689.3
604376.704,6763470.35,690.1
604369.629,6763477.37,690.2
604362.51,6763484.43,690.3
604419.293,6763428.42,691.1
604412.131,6763435.46,691.2
604405.012,6763442.46,691.3
604462.026,6763386.22,692.1
604454.886,6763393.28,692.2
604447.789,6763400.29,692.3
604504.823,6763344.02,693.1
604497.709,6763351.03,693.2
604490.552,6763358.09,693.3
604547.827,6763301.74,694.1
604540.718,6763308.72,694.2
604533.566,6763315.75,694.3
604590.085,6763260.28,695.1
604582.937,6763267.29,695.2
604575.831,6763274.26,695.3
604632.224,6763218,696.1
604625.159,6763225.12,696.2
604618.136,6763232.2,696.3
604676.079,6763175.69,697.1
604668.845,6763182.61,697.2
604661.656,6763189.49,697.3
604718.382,6763134.02,698.1
604711.25,6763141.09,698.2
604704.161,6763148.11,698.3
604760.511,6763091.87,699.1
604753.47,6763098.93,699.2
604746.386,6763106.03,699.3
604798.156,6763044.98,700.1
604792.065,6763052.91,700.2
604785.975,6763060.84,700.3
604834.239,6762996.01,701.1
604828.312,6763004.12,701.2
604822.421,6763012.18,701.3
604868.966,6762948.25,702.1
604863.095,6762956.34,702.2
604857.224,6762964.42,702.3
604904.17,6762899.41,703.1
604898.325,6762907.53,703.2
604892.479,6762915.65,703.3
604939.925,6762850.81,704.1
604934.001,6762858.83,704.2
604928.04,6762866.89,704.3
604975.217,6762802.32,705.1
604969.365,6762810.38,705.2
604963.478,6762818.5,705.3
605010.125,6762754.5,706.1
605004.216,6762762.58,706.2
604998.342,6762770.62,706.3
605045.907,6762705.01,707.1
605040.075,6762713.1,707.2
605034.208,6762721.23,707.3
605081.192,6762656.4,708.1
605075.294,6762664.52,708.2
605069.432,6762672.58,708.3
605116.123,6762608.21,709.1
605110.281,6762616.28,709.2
605104.405,6762624.39,709.3
605151.466,6762559.86,710.1
605145.551,6762567.94,710.2
605139.672,6762575.97,710.3
605187.073,6762510.8,711.1
605181.198,6762518.91,711.2
605175.359,6762526.97,711.3
605221.926,6762463.42,712.1
605215.984,6762471.47,712.2
605210.041,6762479.52,712.3
605257.651,6762414.47,713.1
605251.759,6762422.56,713.2
605245.867,6762430.65,713.3
603823.271,6764008.9,714.1
603830.438,6764001.93,714.2
603837.606,6763994.95,714.3
603780.376,6764050.66,715.1
603787.548,6764043.68,715.2
603794.719,6764036.7,715.3
603736.847,6764092.77,716.1
603744.04,6764085.82,716.2
603751.233,6764078.87,716.3
603692.974,6764133.26,717.1
603700.381,6764126.49,717.2
603707.743,6764119.76,717.3
603651.801,6764174.98,718.1
603658.775,6764167.77,718.2
603665.709,6764160.59,718.3
603606.39,6764215.68,719.1
603613.901,6764209.14,719.2
603621.458,6764202.55,719.3
603561.974,6764257.61,720.1
603569.169,6764250.71,720.2
603576.408,6764243.77,720.3
603518.849,6764298.74,721.1
603526.06,6764291.87,721.2
603533.315,6764284.96,721.3
603475.399,6764339.67,722.1
603482.708,6764332.8,722.2
603489.973,6764325.97,722.3
603431.332,6764381.57,723.1
603438.604,6764374.64,723.2
603445.833,6764367.75,723.3
603388.903,6764422.11,724.1
603396.122,6764415.21,724.2
603403.383,6764408.26,724.3
603347.142,6764465.45,725.1
603354.026,6764458.19,725.2
603360.909,6764450.93,725.3
603308.517,6764512.68,726.1
603314.713,6764504.88,726.2
603320.948,6764497.03,726.3
603271.828,6764561.05,727.1
603277.817,6764553.08,727.2
603283.842,6764545.07,727.3
603235.114,6764606.41,728.1
603241.489,6764598.65,728.2
603247.827,6764590.94,728.3
603197.939,6764653.55,729.1
603204.121,6764645.65,729.2
603210.266,6764637.79,729.3
603161.263,6764701.13,730.1
603167.384,6764693.17,730.2
603173.468,6764685.25,730.3
603124.117,6764748.15,731.1
603130.315,6764740.35,731.2
603136.549,6764732.5,731.3
603087.091,6764795.52,732.1
603093.264,6764787.6,732.2
603099.4,6764779.72,732.3
603050.211,6764841.86,733.1
603056.434,6764834.07,733.2
603062.694,6764826.24,733.3
603012.219,6764889.56,734.1
603018.452,6764881.73,734.2
603024.684,6764873.9,734.3
602976.264,6764935.93,735.1
602982.395,6764927.98,735.2
602988.49,6764920.08,735.3
602936.873,6764983.8,736.1
602943.27,6764976.12,736.2
602949.667,6764968.44,736.3
602901.768,6765029.96,737.1
602907.774,6765021.91,737.2
602913.744,6765013.91,737.3
602864.377,6765078.36,738.1
602870.541,6765070.43,738.2
602876.667,6765062.56,738.3
602827.103,6765126.17,739.1
602833.228,6765118.32,739.2
602839.391,6765110.42,739.3
602789.753,6765173.08,740.1
602795.976,6765165.3,740.2
602802.236,6765157.47,740.3
602753.244,6765219.57,741.1
602759.403,6765211.7,741.2
602765.562,6765203.83,741.3
602716.298,6765267.06,742.1
602722.433,6765259.17,742.2
602728.568,6765251.27,742.3
602679.071,6765313.88,743.1
602685.312,6765306.07,743.2
602691.552,6765298.25,743.3
603379.921,6763892.67,745.1
603372.674,6763885.73,745.2
603365.466,6763878.83,745.3
603422.864,6763933.81,746.1
603415.64,6763926.89,746.2
603408.415,6763919.97,746.3
603466.828,6763974.56,747.1
603459.498,6763967.81,747.2
603452.124,6763961.02,747.3
603510.881,6764015.69,748.1
603503.572,6764008.85,748.2
603496.306,6764002.05,748.3
603554.236,6764056.91,749.1
603547.001,6764050.01,749.2
603539.766,6764043.11,749.3
603597.78,6764098.42,750.1
603590.545,6764091.52,750.2
603583.309,6764084.63,750.3
603642.206,6764139.03,751.1
603634.795,6764132.31,751.2
603627.383,6764125.59,751.3
603685.127,6764179.84,752.1
603677.939,6764172.94,752.2
603670.709,6764165.99,752.3
603729.294,6764221.45,753.1
603722.031,6764214.63,753.2
603714.723,6764207.77,753.3
603773.424,6764262.06,754.1
603766.078,6764255.33,754.2
603758.687,6764248.55,754.3
603817.076,6764303.44,755.1
603809.85,6764296.55,755.2
603802.58,6764289.61,755.3
603860.746,6764344.68,756.1
603853.44,6764337.8,756.2
603846.177,6764330.95,756.3
603904.108,6764385.4,757.1
603896.81,6764378.55,757.2
603889.512,6764371.7,757.3
603947.664,6764426.86,758.1
603940.438,6764419.96,758.2
603933.169,6764413.02,758.3
603991.488,6764467.4,759.1
603984.097,6764460.61,759.2
603976.751,6764453.86,759.3
604013.478,6764488.35,760.1
604006.309,6764481.4,760.2
603999.118,6764474.43,760.3
603991.813,6764531.38,761.1
603998.07,6764523.56,761.2
604004.291,6764515.78,761.3
603956.302,6764557.7,762.1
603964.757,6764552.35,762.2
603973.213,6764547,762.3
603898.418,6764568.84,763.1
603908.339,6764567.68,763.2
603918.32,6764566.51,763.3
603839.03,6764575.6,764.1
603848.959,6764574.48,764.2
603858.888,6764573.35,764.3
603778.931,6764582.23,765.1
603788.857,6764581.14,765.2
603798.842,6764580.05,765.3
603718.338,6764588.27,766.1
603728.289,6764587.3,766.2
603738.241,6764586.33,766.3
603659.541,6764594.66,767.1
603669.486,6764593.56,767.2
603679.432,6764592.45,767.3
603599.91,6764601.09,768.1
603609.823,6764600.02,768.2
603619.796,6764598.96,768.3
603539.803,6764608.04,769.1
603549.722,6764606.88,769.2
603559.701,6764605.71,769.3
603479.529,6764614.89,770.1
603489.431,6764613.78,770.2
603499.393,6764612.65,770.3
603421.425,6764621.36,771.1
603431.367,6764620.25,771.2
603441.309,6764619.15,771.3
603360.507,6764628.25,772.1
603370.446,6764627.12,772.2
603380.385,6764625.99,772.3
603301.701,6764635.45,773.1
603311.592,6764634.22,773.2
603321.542,6764632.98,773.3
603241.557,6764641.55,774.1
603251.548,6764640.58,774.2
603261.478,6764639.62,774.3
603182.362,6764647.93,775.1
603192.263,6764646.84,775.2
603202.222,6764645.75,775.3
603122.692,6764653.9,776.1
603132.61,6764652.93,776.2
603142.588,6764651.95,776.3
603063.289,6764660.67,777.1
603073.209,6764659.51,777.2
603083.189,6764658.34,777.3
603004.282,6764667.27,778.1
603014.265,6764666.16,778.2
603024.188,6764665.07,778.3
602944.074,6764673.23,779.1
602954.023,6764672.27,779.2
602963.971,6764671.31,779.3
602885.057,6764680.74,780.1
602894.977,6764679.41,780.2
602904.897,6764678.09,780.3
602855.303,6764684.08,781.1
602865.235,6764683.07,781.2
602875.137,6764682.06,781.3
602811.407,6764728.66,782.1
602817.544,6764720.78,782.2
602823.721,6764712.85,782.3
602779.518,6764785.96,783.1
602784.139,6764777.09,783.2
602788.76,6764768.22,783.3
602772.916,6764813.34,784.1
602773.982,6764803.37,784.2
602774.896,6764794.83,784.3
602810.264,6764853.43,785.1
602802.387,6764847.24,785.2
602794.557,6764841.1,785.3
602857.112,6764891.04,786.1
602849.299,6764884.74,786.2
602841.533,6764878.48,786.3
602904.055,6764929.43,787.1
602896.351,6764923.11,787.2
602888.6,6764916.76,787.3
602950.127,6764967.71,788.1
602942.435,6764961.3,788.2
602934.789,6764954.93,788.3
602996.32,6765005.96,789.1
602988.639,6764999.61,789.2
602980.911,6764993.22,789.3
603042.215,6765043.09,790.1
603034.397,6765036.79,790.2
603026.626,6765030.54,790.3
603088.444,6765081.19,791.1
603080.771,6765074.84,791.2
603073.051,6765068.44,791.3
603134.877,6765119.97,792.1
603127.218,6765113.56,792.2
603119.512,6765107.12,792.3
603190.286,6765090.95,793.1
603182.244,6765096.92,793.2
603174.258,6765102.85,793.3
603254.471,6764979.96,794.1
603249.721,6764988.85,794.2
603245.033,6764997.62,794.3
603261.672,6764920.75,795.1
603261.175,6764930.73,795.2
603260.678,6764940.71,795.3
603265.989,6764860.26,796.1
603265.238,6764870.19,796.2
603264.482,6764880.18,796.3
603270.49,6764800.72,797.1
603269.734,6764810.73,797.2
603268.982,6764820.67,797.3
603274.848,6764741.23,798.1
603274.12,6764751.23,798.2
603273.396,6764761.18,798.3
603279.148,6764680.09,799.1
603278.451,6764690.07,799.2
603277.754,6764700.05,799.3
603284.284,6764621.16,800.1
603283.381,6764631.13,800.2
603282.477,6764641.09,800.3
603289.396,6764561.32,801.1
603288.552,6764571.32,801.2
603287.714,6764581.26,801.3
603294.419,6764502.09,802.1
603293.573,6764512.06,802.2
603292.727,6764522.02,802.3
603298.621,6764442.05,803.1
603297.952,6764452.03,803.2
603297.283,6764462.01,803.3
603303.779,6764381.87,804.1
603302.885,6764391.86,804.2
603301.997,6764401.79,804.3
603308.316,6764322.54,805.1
603307.578,6764332.52,805.2
603306.845,6764342.45,805.3
603312.816,6764262.38,806.1
603312.071,6764272.32,806.2
603311.321,6764282.32,806.3
603318.488,6764202.69,807.1
603317.506,6764212.6,807.2
603316.518,6764222.58,807.3
603322.905,6764143.16,808.1
603322.212,6764153.16,808.2
603321.524,6764163.11,808.3
603327.414,6764082.71,809.1
603326.663,6764092.64,809.2
603325.907,6764102.63,809.3
603330.687,6764023.53,810.1
603330.178,6764033.49,810.2
603329.665,6764043.5,810.3
603336.596,6763964.36,811.1
603335.505,6763974.29,811.2
603334.414,6763984.23,811.3
603321.692,6764281.78,812.1
603311.722,6764280.78,812.2
603301.792,6764279.78,812.3
603380.77,6764287.74,813.1
603370.833,6764286.74,813.2
603360.838,6764285.73,813.3
603438.565,6764302.86,814.1
603429.016,6764300.04,814.2
603419.409,6764297.21,814.3
603491.443,6764330.15,815.1
603482.706,6764325.21,815.2
603474.02,6764320.3,815.3
603542.751,6764359.95,816.1
603534.083,6764354.89,816.2
603525.466,6764349.86,816.3
603578.372,6764407.4,817.1
603573.023,6764399,817.2
603567.641,6764390.55,817.3
603610.874,6764457.77,818.1
603605.463,6764449.4,818.2
603600.019,6764440.99,818.3
603630.735,6764511.75,819.1
603627.715,6764502.21,819.2
603624.713,6764492.72,819.3
603633.476,6764570.8,820.1
603633.532,6764560.79,820.2
603633.588,6764550.78,820.3
603630.511,6764630.81,821.1
603631.094,6764620.78,821.2
603631.673,6764610.82,821.3
603602.403,6764682.2,822.1
603607.961,6764673.83,822.2
603613.487,6764665.52,822.3
603570.133,6764732.28,823.1
603575.508,6764723.89,823.2
603580.914,6764715.44,823.3
603533.494,6764778.8,824.1
603539.816,6764771.09,824.2
603546.175,6764763.34,824.3
603485.535,6764814.42,825.1
603493.875,6764808.83,825.2
603502.165,6764803.28,825.3
603435.381,6764846.28,826.1
603443.845,6764840.96,826.2
603452.308,6764835.64,826.3
603384.659,6764878.89,827.1
603393.03,6764873.49,827.2
603401.451,6764868.05,827.3
603334.749,6764911.71,828.1
603343.126,6764906.18,828.2
603351.454,6764900.69,828.3
603283.517,6764943.46,829.1
603292.016,6764938.26,829.2
603300.565,6764933.03,829.3
603225.853,6764942.9,830.1
603235.782,6764944.07,830.2
603245.712,6764945.24,830.3
603164.735,6764935.85,831.1
603174.703,6764937,831.2
603184.611,6764938.14,831.3
603110.085,6764922.41,832.1
603119.72,6764925.06,832.2
603129.354,6764927.71,832.3
603066.004,6764883.44,833.1
603072.91,6764890.72,833.2
603079.774,6764897.96,833.3
603023.952,6764840.42,834.1
603030.964,6764847.55,834.2
603037.976,6764854.68,834.3
602985.35,6764795.71,835.1
602991.782,6764803.36,835.2
602998.214,6764811.01,835.3
602959.57,6764742.11,836.1
602963.453,6764751.33,836.2
602967.337,6764760.55,836.3
602934.833,6764687.63,837.1
602939.019,6764696.71,837.2
602943.205,6764705.8,837.3
602912.984,6764633.51,838.1
602916.632,6764642.81,838.2
602920.302,6764652.17,838.3
602928.394,6764576.98,839.1
602924.651,6764586.26,839.2
602920.908,6764595.54,839.3
602950.677,6764522.22,840.1
602946.902,6764531.49,840.2
602943.127,6764540.75,840.3
602973.092,6764466.3,841.1
602969.378,6764475.6,841.2
602965.685,6764484.84,841.3
603006.617,6764418.56,842.1
603000.468,6764426.49,842.2
602994.355,6764434.38,842.3
603048.45,6764373.53,843.1
603041.494,6764380.77,843.2
603034.58,6764387.96,843.3
603094.852,6764339.39,844.1
603086.582,6764345.03,844.2
603078.359,6764350.65,844.3
603149.565,6764314.74,845.1
603140.31,6764318.53,845.2
603131.055,6764322.31,845.3
603204.554,6764291.22,846.1
603195.374,6764295.18,846.2
603186.194,6764299.14,846.3
603262.502,6764278.94,847.1
603252.643,6764280.62,847.2
603242.783,6764282.31,847.3
